asset_id,world_id,category,subcategory,title,launch_priority,purpose,exact_target_path,exact_filename,format,runtime_width_px,runtime_height_px,master_width_px,master_height_px,colour_mode,alpha_rule,pixels_per_unit,pivot,mesh_type,filter_mode,wrap_mode,mipmaps,compression,max_texture_size,atlas_group,world_size_or_ui_size,sorting_layer,order_in_layer,locked_semantic_colour,material_treatment,accessibility_rule,generation_method,generation_prompt_id,requires_unity_wiring,acceptance_criteria,status
W01-bg,W01,Background,bg,Cloud Meadow gameplay background,P1,Cloud Meadow gameplay background,Assets/_JebbyJump/Art/Worlds/W01_CloudMeadow/Backgrounds,bg_cloudmeadow_01.png,PNG,2400,1080,2400,1080,RGB,opaque,100,"0.5,0.5",FullRect,Bilinear,Clamp,false,derive-from-accepted-importer,2048,W01_env,camera-locked 1.5x,Background,-10,n/a,world-unique sky/env,Memory Cues compatible; 6-colour distinct,ChatGPT + deterministic postprocess,W01-BG,true,fills 16:9..20:9; no debug UI; warm-safe,SPEC-ONLY
W01-tower,W01,Background,tower,Cloud Meadow Rainbow Tower landmark,P1,Cloud Meadow Rainbow Tower landmark,Assets/_JebbyJump/Art/Worlds/W01_CloudMeadow/Backgrounds,landmark_tower_cloudmeadow_01.png,PNG,900,1400,900,1400,RGBA,transparent,100,"0.5,0.0",FullRect,Bilinear,Clamp,false,derive-from-accepted-importer,2048,W01_env,distant,Background,-9,n/a,tower progression stage,Memory Cues compatible; 6-colour distinct,ChatGPT + deterministic postprocess,LANDMARK,true,tower stage per doc 05; transparent,SPEC-ONLY
W01-floor,W01,Floor,floor,Cloud Meadow start ledge,P1,Cloud Meadow start ledge,Assets/_JebbyJump/Art/Worlds/W01_CloudMeadow/Floor,floor_cloudmeadow_01.png,PNG,512,128,512,128,RGB,opaque,100,"0.5,0.5",FullRect,Bilinear,Clamp,false,derive-from-accepted-importer,2048,W01_env,world,Platforms,0,n/a,themed ledge; 9-slice-safe,Memory Cues compatible; 6-colour distinct,ChatGPT + deterministic postprocess,W01-FLOOR,true,ledge surface line consistent; collider unchanged,SPEC-ONLY
W01-plat_base,W01,Platforms,plat_base,"Cloud Meadow platform base (neutral, tinted at runtime)",P1,"Cloud Meadow platform base (neutral, tinted at runtime)",Assets/_JebbyJump/Art/Worlds/W01_CloudMeadow/Platforms,plat_cloudmeadow_base_01.png,PNG,256,96,256,96,RGBA,transparent,100,"0.5,0.5",FullRect,Bilinear,Clamp,false,derive-from-accepted-importer,2048,W01_env,world,Platforms,1,tinted: E63838/3878E6/38BF59/F9DE2C/9938E6/E58A1B,"cloud neutral base, near-greyscale, 9-slice safe",Memory Cues compatible; 6-colour distinct,ChatGPT + deterministic postprocess,W01-PLAT,true,reads correctly under all six locked tints at 70px; collider/width unchanged,SPEC-ONLY
W01-hazard,W01,Obstacles,hazard,Cloud Meadow hazard (cloud_thorn),P1,Cloud Meadow hazard (cloud_thorn),Assets/_JebbyJump/Art/Worlds/W01_CloudMeadow/Obstacles,hazard_cloud_thorn_01.png,PNG,1254,1254,1254,1254,RGBA,transparent,100,ink-base,FullRect,Bilinear,Clamp,false,derive-from-accepted-importer,2048,W01_env,world,Obstacles,2,n/a,cactus-equivalent reskin,Memory Cues compatible; 6-colour distinct,ChatGPT + deterministic postprocess,W01-HAZ,true,behaviour-equivalent to cactus; ink-base pivot; trigger unchanged,SPEC-ONLY
W01-deco,W01,Decoration,deco,Cloud Meadow decoration set,P1,Cloud Meadow decoration set,Assets/_JebbyJump/Art/Worlds/W01_CloudMeadow/Decorations,deco_cloudmeadow_01.png,PNG,1024,1024,1024,1024,RGBA,transparent,100,"0.5,0.5",FullRect,Bilinear,Clamp,false,derive-from-accepted-importer,2048,W01_env,world,Background,-8,n/a,non-colliding props,Memory Cues compatible; 6-colour distinct,ChatGPT + deterministic postprocess,W01-DECO,true,no gameplay collision; crop-safe,SPEC-ONLY
W01-thumb,W01,UI,thumb,Cloud Meadow world-select thumbnail,P1,Cloud Meadow world-select thumbnail,Assets/_JebbyJump/Art/Worlds/W01_CloudMeadow/UI,world_thumb_cloudmeadow_01.png,PNG,512,512,512,512,RGB,opaque,100,"0.5,0.5",FullRect,Bilinear,Clamp,false,derive-from-accepted-importer,2048,W01_ui,512,UI,0,n/a,world identity icon,Memory Cues compatible; 6-colour distinct,ChatGPT + deterministic postprocess,W01-THUMB,true,recognisable at 128px; locked/complete variants,SPEC-ONLY
W01-story,W01,UI,story,Cloud Meadow story card illustration,P1,Cloud Meadow story card illustration,Assets/_JebbyJump/Art/Worlds/W01_CloudMeadow/UI,story_card_cloudmeadow_01.png,PNG,1600,900,1600,900,RGB,opaque,100,"0.5,0.5",FullRect,Bilinear,Clamp,false,derive-from-accepted-importer,2048,W01_ui,1600x900,UI,0,n/a,postcard scene; tower stage,Memory Cues compatible; 6-colour distinct,ChatGPT + deterministic postprocess,W01-STORY,true,tower stage per doc 05; text-safe zone,SPEC-ONLY
W01-finale,W01,UI,finale,Cloud Meadow finale treatment,P1,Cloud Meadow finale treatment,Assets/_JebbyJump/Art/Worlds/W01_CloudMeadow/UI,finale_cloudmeadow_01.png,PNG,1920,1080,1920,1080,RGBA,transparent,100,"0.5,0.5",FullRect,Bilinear,Clamp,false,derive-from-accepted-importer,2048,W01_ui,1920x1080,UI,5,n/a,finale set-piece overlay,Memory Cues compatible; 6-colour distinct,ChatGPT + deterministic postprocess,W01-FINALE,true,celebratory; child-safe; no new mechanic implied,SPEC-ONLY
W01-gem,W01,UI,gem,Cloud Meadow World Gem trophy,P1,Cloud Meadow World Gem trophy,Assets/_JebbyJump/Art/Worlds/W01_CloudMeadow/UI,world_gem_cloudmeadow_01.png,PNG,256,256,256,256,RGBA,transparent,100,"0.5,0.5",FullRect,Bilinear,Clamp,false,derive-from-accepted-importer,2048,W01_ui,256,UI,0,n/a,non-spendable trophy icon,Memory Cues compatible; 6-colour distinct,ChatGPT + deterministic postprocess,W01-GEM,true,collection marker; not currency,SPEC-ONLY
W01-cosmetic,W01,UI,cosmetic,Cloud Meadow cosmetic reward art,P1,Cloud Meadow cosmetic reward art,Assets/_JebbyJump/Art/Worlds/W01_CloudMeadow/UI,cosmetic_cloudmeadow_01.png,PNG,512,512,512,512,RGBA,transparent,100,"0.5,0.5",FullRect,Bilinear,Clamp,false,derive-from-accepted-importer,2048,W01_ui,512,UI,0,n/a,themed wardrobe unlock preview,Memory Cues compatible; 6-colour distinct,ChatGPT + deterministic postprocess,W01-COSM,true,wardrobe-preview compatible,SPEC-ONLY
W01-badge,W01,UI,badge,Cloud Meadow world badge,P1,Cloud Meadow world badge,Assets/_JebbyJump/Art/Worlds/W01_CloudMeadow/UI,world_badge_cloudmeadow_01.png,PNG,192,192,192,192,RGBA,transparent,100,"0.5,0.5",FullRect,Bilinear,Clamp,false,derive-from-accepted-importer,2048,W01_ui,192,UI,1,n/a,level-select world card badge,Memory Cues compatible; 6-colour distinct,ChatGPT + deterministic postprocess,W01-BADGE,true,locked/completed/finale states,SPEC-ONLY
W02-bg,W02,Background,bg,Enchanted Forest gameplay background,P1,Enchanted Forest gameplay background,Assets/_JebbyJump/Art/Worlds/W02_EnchantedForest/Backgrounds,bg_enchantedforest_01.png,PNG,2400,1080,2400,1080,RGB,opaque,100,"0.5,0.5",FullRect,Bilinear,Clamp,false,derive-from-accepted-importer,2048,W02_env,camera-locked 1.5x,Background,-10,n/a,world-unique sky/env,Memory Cues compatible; 6-colour distinct,ChatGPT + deterministic postprocess,W02-BG,true,fills 16:9..20:9; no debug UI; warm-safe,SPEC-ONLY
W02-tower,W02,Background,tower,Enchanted Forest Rainbow Tower landmark,P1,Enchanted Forest Rainbow Tower landmark,Assets/_JebbyJump/Art/Worlds/W02_EnchantedForest/Backgrounds,landmark_tower_enchantedforest_01.png,PNG,900,1400,900,1400,RGBA,transparent,100,"0.5,0.0",FullRect,Bilinear,Clamp,false,derive-from-accepted-importer,2048,W02_env,distant,Background,-9,n/a,tower progression stage,Memory Cues compatible; 6-colour distinct,ChatGPT + deterministic postprocess,LANDMARK,true,tower stage per doc 05; transparent,SPEC-ONLY
W02-floor,W02,Floor,floor,Enchanted Forest start ledge,P1,Enchanted Forest start ledge,Assets/_JebbyJump/Art/Worlds/W02_EnchantedForest/Floor,floor_enchantedforest_01.png,PNG,512,128,512,128,RGB,opaque,100,"0.5,0.5",FullRect,Bilinear,Clamp,false,derive-from-accepted-importer,2048,W02_env,world,Platforms,0,n/a,themed ledge; 9-slice-safe,Memory Cues compatible; 6-colour distinct,ChatGPT + deterministic postprocess,W02-FLOOR,true,ledge surface line consistent; collider unchanged,SPEC-ONLY
W02-plat_base,W02,Platforms,plat_base,"Enchanted Forest platform base (neutral, tinted at runtime)",P1,"Enchanted Forest platform base (neutral, tinted at runtime)",Assets/_JebbyJump/Art/Worlds/W02_EnchantedForest/Platforms,plat_enchantedforest_base_01.png,PNG,256,96,256,96,RGBA,transparent,100,"0.5,0.5",FullRect,Bilinear,Clamp,false,derive-from-accepted-importer,2048,W02_env,world,Platforms,1,tinted: E63838/3878E6/38BF59/F9DE2C/9938E6/E58A1B,"mossy wood neutral base, near-greyscale, 9-slice safe",Memory Cues compatible; 6-colour distinct,ChatGPT + deterministic postprocess,W02-PLAT,true,reads correctly under all six locked tints at 70px; collider/width unchanged,SPEC-ONLY
W02-hazard,W02,Obstacles,hazard,Enchanted Forest hazard (forest_thorn_bloom),P1,Enchanted Forest hazard (forest_thorn_bloom),Assets/_JebbyJump/Art/Worlds/W02_EnchantedForest/Obstacles,hazard_forest_thorn_bloom_01.png,PNG,1254,1254,1254,1254,RGBA,transparent,100,ink-base,FullRect,Bilinear,Clamp,false,derive-from-accepted-importer,2048,W02_env,world,Obstacles,2,n/a,cactus-equivalent reskin,Memory Cues compatible; 6-colour distinct,ChatGPT + deterministic postprocess,W02-HAZ,true,behaviour-equivalent to cactus; ink-base pivot; trigger unchanged,SPEC-ONLY
W02-deco,W02,Decoration,deco,Enchanted Forest decoration set,P1,Enchanted Forest decoration set,Assets/_JebbyJump/Art/Worlds/W02_EnchantedForest/Decorations,deco_enchantedforest_01.png,PNG,1024,1024,1024,1024,RGBA,transparent,100,"0.5,0.5",FullRect,Bilinear,Clamp,false,derive-from-accepted-importer,2048,W02_env,world,Background,-8,n/a,non-colliding props,Memory Cues compatible; 6-colour distinct,ChatGPT + deterministic postprocess,W02-DECO,true,no gameplay collision; crop-safe,SPEC-ONLY
W02-thumb,W02,UI,thumb,Enchanted Forest world-select thumbnail,P1,Enchanted Forest world-select thumbnail,Assets/_JebbyJump/Art/Worlds/W02_EnchantedForest/UI,world_thumb_enchantedforest_01.png,PNG,512,512,512,512,RGB,opaque,100,"0.5,0.5",FullRect,Bilinear,Clamp,false,derive-from-accepted-importer,2048,W02_ui,512,UI,0,n/a,world identity icon,Memory Cues compatible; 6-colour distinct,ChatGPT + deterministic postprocess,W02-THUMB,true,recognisable at 128px; locked/complete variants,SPEC-ONLY
W02-story,W02,UI,story,Enchanted Forest story card illustration,P1,Enchanted Forest story card illustration,Assets/_JebbyJump/Art/Worlds/W02_EnchantedForest/UI,story_card_enchantedforest_01.png,PNG,1600,900,1600,900,RGB,opaque,100,"0.5,0.5",FullRect,Bilinear,Clamp,false,derive-from-accepted-importer,2048,W02_ui,1600x900,UI,0,n/a,postcard scene; tower stage,Memory Cues compatible; 6-colour distinct,ChatGPT + deterministic postprocess,W02-STORY,true,tower stage per doc 05; text-safe zone,SPEC-ONLY
W02-finale,W02,UI,finale,Enchanted Forest finale treatment,P1,Enchanted Forest finale treatment,Assets/_JebbyJump/Art/Worlds/W02_EnchantedForest/UI,finale_enchantedforest_01.png,PNG,1920,1080,1920,1080,RGBA,transparent,100,"0.5,0.5",FullRect,Bilinear,Clamp,false,derive-from-accepted-importer,2048,W02_ui,1920x1080,UI,5,n/a,finale set-piece overlay,Memory Cues compatible; 6-colour distinct,ChatGPT + deterministic postprocess,W02-FINALE,true,celebratory; child-safe; no new mechanic implied,SPEC-ONLY
W02-gem,W02,UI,gem,Enchanted Forest World Gem trophy,P1,Enchanted Forest World Gem trophy,Assets/_JebbyJump/Art/Worlds/W02_EnchantedForest/UI,world_gem_enchantedforest_01.png,PNG,256,256,256,256,RGBA,transparent,100,"0.5,0.5",FullRect,Bilinear,Clamp,false,derive-from-accepted-importer,2048,W02_ui,256,UI,0,n/a,non-spendable trophy icon,Memory Cues compatible; 6-colour distinct,ChatGPT + deterministic postprocess,W02-GEM,true,collection marker; not currency,SPEC-ONLY
W02-cosmetic,W02,UI,cosmetic,Enchanted Forest cosmetic reward art,P1,Enchanted Forest cosmetic reward art,Assets/_JebbyJump/Art/Worlds/W02_EnchantedForest/UI,cosmetic_enchantedforest_01.png,PNG,512,512,512,512,RGBA,transparent,100,"0.5,0.5",FullRect,Bilinear,Clamp,false,derive-from-accepted-importer,2048,W02_ui,512,UI,0,n/a,themed wardrobe unlock preview,Memory Cues compatible; 6-colour distinct,ChatGPT + deterministic postprocess,W02-COSM,true,wardrobe-preview compatible,SPEC-ONLY
W02-badge,W02,UI,badge,Enchanted Forest world badge,P1,Enchanted Forest world badge,Assets/_JebbyJump/Art/Worlds/W02_EnchantedForest/UI,world_badge_enchantedforest_01.png,PNG,192,192,192,192,RGBA,transparent,100,"0.5,0.5",FullRect,Bilinear,Clamp,false,derive-from-accepted-importer,2048,W02_ui,192,UI,1,n/a,level-select world card badge,Memory Cues compatible; 6-colour distinct,ChatGPT + deterministic postprocess,W02-BADGE,true,locked/completed/finale states,SPEC-ONLY
W03-bg,W03,Background,bg,Crystal Caves gameplay background,P2,Crystal Caves gameplay background,Assets/_JebbyJump/Art/Worlds/W03_CrystalCaves/Backgrounds,bg_crystalcaves_01.png,PNG,2400,1080,2400,1080,RGB,opaque,100,"0.5,0.5",FullRect,Bilinear,Clamp,false,derive-from-accepted-importer,2048,W03_env,camera-locked 1.5x,Background,-10,n/a,world-unique sky/env,Memory Cues compatible; 6-colour distinct,ChatGPT + deterministic postprocess,W03-BG,true,fills 16:9..20:9; no debug UI; warm-safe,SPEC-ONLY
W03-tower,W03,Background,tower,Crystal Caves Rainbow Tower landmark,P2,Crystal Caves Rainbow Tower landmark,Assets/_JebbyJump/Art/Worlds/W03_CrystalCaves/Backgrounds,landmark_tower_crystalcaves_01.png,PNG,900,1400,900,1400,RGBA,transparent,100,"0.5,0.0",FullRect,Bilinear,Clamp,false,derive-from-accepted-importer,2048,W03_env,distant,Background,-9,n/a,tower progression stage,Memory Cues compatible; 6-colour distinct,ChatGPT + deterministic postprocess,LANDMARK,true,tower stage per doc 05; transparent,SPEC-ONLY
W03-floor,W03,Floor,floor,Crystal Caves start ledge,P2,Crystal Caves start ledge,Assets/_JebbyJump/Art/Worlds/W03_CrystalCaves/Floor,floor_crystalcaves_01.png,PNG,512,128,512,128,RGB,opaque,100,"0.5,0.5",FullRect,Bilinear,Clamp,false,derive-from-accepted-importer,2048,W03_env,world,Platforms,0,n/a,themed ledge; 9-slice-safe,Memory Cues compatible; 6-colour distinct,ChatGPT + deterministic postprocess,W03-FLOOR,true,ledge surface line consistent; collider unchanged,SPEC-ONLY
W03-plat_base,W03,Platforms,plat_base,"Crystal Caves platform base (neutral, tinted at runtime)",P2,"Crystal Caves platform base (neutral, tinted at runtime)",Assets/_JebbyJump/Art/Worlds/W03_CrystalCaves/Platforms,plat_crystalcaves_base_01.png,PNG,256,96,256,96,RGBA,transparent,100,"0.5,0.5",FullRect,Bilinear,Clamp,false,derive-from-accepted-importer,2048,W03_env,world,Platforms,1,tinted: E63838/3878E6/38BF59/F9DE2C/9938E6/E58A1B,"crystal neutral base, near-greyscale, 9-slice safe",Memory Cues compatible; 6-colour distinct,ChatGPT + deterministic postprocess,W03-PLAT,true,reads correctly under all six locked tints at 70px; collider/width unchanged,SPEC-ONLY
W03-hazard,W03,Obstacles,hazard,Crystal Caves hazard (crystal_spike_cluster),P2,Crystal Caves hazard (crystal_spike_cluster),Assets/_JebbyJump/Art/Worlds/W03_CrystalCaves/Obstacles,hazard_crystal_spike_cluster_01.png,PNG,1254,1254,1254,1254,RGBA,transparent,100,ink-base,FullRect,Bilinear,Clamp,false,derive-from-accepted-importer,2048,W03_env,world,Obstacles,2,n/a,cactus-equivalent reskin,Memory Cues compatible; 6-colour distinct,ChatGPT + deterministic postprocess,W03-HAZ,true,behaviour-equivalent to cactus; ink-base pivot; trigger unchanged,SPEC-ONLY
W03-deco,W03,Decoration,deco,Crystal Caves decoration set,P2,Crystal Caves decoration set,Assets/_JebbyJump/Art/Worlds/W03_CrystalCaves/Decorations,deco_crystalcaves_01.png,PNG,1024,1024,1024,1024,RGBA,transparent,100,"0.5,0.5",FullRect,Bilinear,Clamp,false,derive-from-accepted-importer,2048,W03_env,world,Background,-8,n/a,non-colliding props,Memory Cues compatible; 6-colour distinct,ChatGPT + deterministic postprocess,W03-DECO,true,no gameplay collision; crop-safe,SPEC-ONLY
W03-thumb,W03,UI,thumb,Crystal Caves world-select thumbnail,P2,Crystal Caves world-select thumbnail,Assets/_JebbyJump/Art/Worlds/W03_CrystalCaves/UI,world_thumb_crystalcaves_01.png,PNG,512,512,512,512,RGB,opaque,100,"0.5,0.5",FullRect,Bilinear,Clamp,false,derive-from-accepted-importer,2048,W03_ui,512,UI,0,n/a,world identity icon,Memory Cues compatible; 6-colour distinct,ChatGPT + deterministic postprocess,W03-THUMB,true,recognisable at 128px; locked/complete variants,SPEC-ONLY
W03-story,W03,UI,story,Crystal Caves story card illustration,P2,Crystal Caves story card illustration,Assets/_JebbyJump/Art/Worlds/W03_CrystalCaves/UI,story_card_crystalcaves_01.png,PNG,1600,900,1600,900,RGB,opaque,100,"0.5,0.5",FullRect,Bilinear,Clamp,false,derive-from-accepted-importer,2048,W03_ui,1600x900,UI,0,n/a,postcard scene; tower stage,Memory Cues compatible; 6-colour distinct,ChatGPT + deterministic postprocess,W03-STORY,true,tower stage per doc 05; text-safe zone,SPEC-ONLY
W03-finale,W03,UI,finale,Crystal Caves finale treatment,P2,Crystal Caves finale treatment,Assets/_JebbyJump/Art/Worlds/W03_CrystalCaves/UI,finale_crystalcaves_01.png,PNG,1920,1080,1920,1080,RGBA,transparent,100,"0.5,0.5",FullRect,Bilinear,Clamp,false,derive-from-accepted-importer,2048,W03_ui,1920x1080,UI,5,n/a,finale set-piece overlay,Memory Cues compatible; 6-colour distinct,ChatGPT + deterministic postprocess,W03-FINALE,true,celebratory; child-safe; no new mechanic implied,SPEC-ONLY
W03-gem,W03,UI,gem,Crystal Caves World Gem trophy,P2,Crystal Caves World Gem trophy,Assets/_JebbyJump/Art/Worlds/W03_CrystalCaves/UI,world_gem_crystalcaves_01.png,PNG,256,256,256,256,RGBA,transparent,100,"0.5,0.5",FullRect,Bilinear,Clamp,false,derive-from-accepted-importer,2048,W03_ui,256,UI,0,n/a,non-spendable trophy icon,Memory Cues compatible; 6-colour distinct,ChatGPT + deterministic postprocess,W03-GEM,true,collection marker; not currency,SPEC-ONLY
W03-cosmetic,W03,UI,cosmetic,Crystal Caves cosmetic reward art,P2,Crystal Caves cosmetic reward art,Assets/_JebbyJump/Art/Worlds/W03_CrystalCaves/UI,cosmetic_crystalcaves_01.png,PNG,512,512,512,512,RGBA,transparent,100,"0.5,0.5",FullRect,Bilinear,Clamp,false,derive-from-accepted-importer,2048,W03_ui,512,UI,0,n/a,themed wardrobe unlock preview,Memory Cues compatible; 6-colour distinct,ChatGPT + deterministic postprocess,W03-COSM,true,wardrobe-preview compatible,SPEC-ONLY
W03-badge,W03,UI,badge,Crystal Caves world badge,P2,Crystal Caves world badge,Assets/_JebbyJump/Art/Worlds/W03_CrystalCaves/UI,world_badge_crystalcaves_01.png,PNG,192,192,192,192,RGBA,transparent,100,"0.5,0.5",FullRect,Bilinear,Clamp,false,derive-from-accepted-importer,2048,W03_ui,192,UI,1,n/a,level-select world card badge,Memory Cues compatible; 6-colour distinct,ChatGPT + deterministic postprocess,W03-BADGE,true,locked/completed/finale states,SPEC-ONLY
W04-bg,W04,Background,bg,Sunshine Desert gameplay background,P2,Sunshine Desert gameplay background,Assets/_JebbyJump/Art/Worlds/W04_SunshineDesert/Backgrounds,bg_sunshinedesert_01.png,PNG,2400,1080,2400,1080,RGB,opaque,100,"0.5,0.5",FullRect,Bilinear,Clamp,false,derive-from-accepted-importer,2048,W04_env,camera-locked 1.5x,Background,-10,n/a,world-unique sky/env,Memory Cues compatible; 6-colour distinct,ChatGPT + deterministic postprocess,W04-BG,true,fills 16:9..20:9; no debug UI; warm-safe,SPEC-ONLY
W04-tower,W04,Background,tower,Sunshine Desert Rainbow Tower landmark,P2,Sunshine Desert Rainbow Tower landmark,Assets/_JebbyJump/Art/Worlds/W04_SunshineDesert/Backgrounds,landmark_tower_sunshinedesert_01.png,PNG,900,1400,900,1400,RGBA,transparent,100,"0.5,0.0",FullRect,Bilinear,Clamp,false,derive-from-accepted-importer,2048,W04_env,distant,Background,-9,n/a,tower progression stage,Memory Cues compatible; 6-colour distinct,ChatGPT + deterministic postprocess,LANDMARK,true,tower stage per doc 05; transparent,SPEC-ONLY
W04-floor,W04,Floor,floor,Sunshine Desert start ledge,P2,Sunshine Desert start ledge,Assets/_JebbyJump/Art/Worlds/W04_SunshineDesert/Floor,floor_sunshinedesert_01.png,PNG,512,128,512,128,RGB,opaque,100,"0.5,0.5",FullRect,Bilinear,Clamp,false,derive-from-accepted-importer,2048,W04_env,world,Platforms,0,n/a,themed ledge; 9-slice-safe,Memory Cues compatible; 6-colour distinct,ChatGPT + deterministic postprocess,W04-FLOOR,true,ledge surface line consistent; collider unchanged,SPEC-ONLY
W04-plat_base,W04,Platforms,plat_base,"Sunshine Desert platform base (neutral, tinted at runtime)",P2,"Sunshine Desert platform base (neutral, tinted at runtime)",Assets/_JebbyJump/Art/Worlds/W04_SunshineDesert/Platforms,plat_sunshinedesert_base_01.png,PNG,256,96,256,96,RGBA,transparent,100,"0.5,0.5",FullRect,Bilinear,Clamp,false,derive-from-accepted-importer,2048,W04_env,world,Platforms,1,tinted: E63838/3878E6/38BF59/F9DE2C/9938E6/E58A1B,"sandstone neutral base, near-greyscale, 9-slice safe",Memory Cues compatible; 6-colour distinct,ChatGPT + deterministic postprocess,W04-PLAT,true,reads correctly under all six locked tints at 70px; collider/width unchanged,SPEC-ONLY
W04-hazard,W04,Obstacles,hazard,Sunshine Desert hazard (desert_cactus),P2,Sunshine Desert hazard (desert_cactus),Assets/_JebbyJump/Art/Worlds/W04_SunshineDesert/Obstacles,hazard_desert_cactus_01.png,PNG,1254,1254,1254,1254,RGBA,transparent,100,ink-base,FullRect,Bilinear,Clamp,false,derive-from-accepted-importer,2048,W04_env,world,Obstacles,2,n/a,cactus-equivalent reskin,Memory Cues compatible; 6-colour distinct,ChatGPT + deterministic postprocess,W04-HAZ,true,behaviour-equivalent to cactus; ink-base pivot; trigger unchanged,SPEC-ONLY
W04-deco,W04,Decoration,deco,Sunshine Desert decoration set,P2,Sunshine Desert decoration set,Assets/_JebbyJump/Art/Worlds/W04_SunshineDesert/Decorations,deco_sunshinedesert_01.png,PNG,1024,1024,1024,1024,RGBA,transparent,100,"0.5,0.5",FullRect,Bilinear,Clamp,false,derive-from-accepted-importer,2048,W04_env,world,Background,-8,n/a,non-colliding props,Memory Cues compatible; 6-colour distinct,ChatGPT + deterministic postprocess,W04-DECO,true,no gameplay collision; crop-safe,SPEC-ONLY
W04-thumb,W04,UI,thumb,Sunshine Desert world-select thumbnail,P2,Sunshine Desert world-select thumbnail,Assets/_JebbyJump/Art/Worlds/W04_SunshineDesert/UI,world_thumb_sunshinedesert_01.png,PNG,512,512,512,512,RGB,opaque,100,"0.5,0.5",FullRect,Bilinear,Clamp,false,derive-from-accepted-importer,2048,W04_ui,512,UI,0,n/a,world identity icon,Memory Cues compatible; 6-colour distinct,ChatGPT + deterministic postprocess,W04-THUMB,true,recognisable at 128px; locked/complete variants,SPEC-ONLY
W04-story,W04,UI,story,Sunshine Desert story card illustration,P2,Sunshine Desert story card illustration,Assets/_JebbyJump/Art/Worlds/W04_SunshineDesert/UI,story_card_sunshinedesert_01.png,PNG,1600,900,1600,900,RGB,opaque,100,"0.5,0.5",FullRect,Bilinear,Clamp,false,derive-from-accepted-importer,2048,W04_ui,1600x900,UI,0,n/a,postcard scene; tower stage,Memory Cues compatible; 6-colour distinct,ChatGPT + deterministic postprocess,W04-STORY,true,tower stage per doc 05; text-safe zone,SPEC-ONLY
W04-finale,W04,UI,finale,Sunshine Desert finale treatment,P2,Sunshine Desert finale treatment,Assets/_JebbyJump/Art/Worlds/W04_SunshineDesert/UI,finale_sunshinedesert_01.png,PNG,1920,1080,1920,1080,RGBA,transparent,100,"0.5,0.5",FullRect,Bilinear,Clamp,false,derive-from-accepted-importer,2048,W04_ui,1920x1080,UI,5,n/a,finale set-piece overlay,Memory Cues compatible; 6-colour distinct,ChatGPT + deterministic postprocess,W04-FINALE,true,celebratory; child-safe; no new mechanic implied,SPEC-ONLY
W04-gem,W04,UI,gem,Sunshine Desert World Gem trophy,P2,Sunshine Desert World Gem trophy,Assets/_JebbyJump/Art/Worlds/W04_SunshineDesert/UI,world_gem_sunshinedesert_01.png,PNG,256,256,256,256,RGBA,transparent,100,"0.5,0.5",FullRect,Bilinear,Clamp,false,derive-from-accepted-importer,2048,W04_ui,256,UI,0,n/a,non-spendable trophy icon,Memory Cues compatible; 6-colour distinct,ChatGPT + deterministic postprocess,W04-GEM,true,collection marker; not currency,SPEC-ONLY
W04-cosmetic,W04,UI,cosmetic,Sunshine Desert cosmetic reward art,P2,Sunshine Desert cosmetic reward art,Assets/_JebbyJump/Art/Worlds/W04_SunshineDesert/UI,cosmetic_sunshinedesert_01.png,PNG,512,512,512,512,RGBA,transparent,100,"0.5,0.5",FullRect,Bilinear,Clamp,false,derive-from-accepted-importer,2048,W04_ui,512,UI,0,n/a,themed wardrobe unlock preview,Memory Cues compatible; 6-colour distinct,ChatGPT + deterministic postprocess,W04-COSM,true,wardrobe-preview compatible,SPEC-ONLY
W04-badge,W04,UI,badge,Sunshine Desert world badge,P2,Sunshine Desert world badge,Assets/_JebbyJump/Art/Worlds/W04_SunshineDesert/UI,world_badge_sunshinedesert_01.png,PNG,192,192,192,192,RGBA,transparent,100,"0.5,0.5",FullRect,Bilinear,Clamp,false,derive-from-accepted-importer,2048,W04_ui,192,UI,1,n/a,level-select world card badge,Memory Cues compatible; 6-colour distinct,ChatGPT + deterministic postprocess,W04-BADGE,true,locked/completed/finale states,SPEC-ONLY
W05-bg,W05,Background,bg,Ocean Sky gameplay background,P2,Ocean Sky gameplay background,Assets/_JebbyJump/Art/Worlds/W05_OceanSky/Backgrounds,bg_oceansky_01.png,PNG,2400,1080,2400,1080,RGB,opaque,100,"0.5,0.5",FullRect,Bilinear,Clamp,false,derive-from-accepted-importer,2048,W05_env,camera-locked 1.5x,Background,-10,n/a,world-unique sky/env,Memory Cues compatible; 6-colour distinct,ChatGPT + deterministic postprocess,W05-BG,true,fills 16:9..20:9; no debug UI; warm-safe,SPEC-ONLY
W05-tower,W05,Background,tower,Ocean Sky Rainbow Tower landmark,P2,Ocean Sky Rainbow Tower landmark,Assets/_JebbyJump/Art/Worlds/W05_OceanSky/Backgrounds,landmark_tower_oceansky_01.png,PNG,900,1400,900,1400,RGBA,transparent,100,"0.5,0.0",FullRect,Bilinear,Clamp,false,derive-from-accepted-importer,2048,W05_env,distant,Background,-9,n/a,tower progression stage,Memory Cues compatible; 6-colour distinct,ChatGPT + deterministic postprocess,LANDMARK,true,tower stage per doc 05; transparent,SPEC-ONLY
W05-floor,W05,Floor,floor,Ocean Sky start ledge,P2,Ocean Sky start ledge,Assets/_JebbyJump/Art/Worlds/W05_OceanSky/Floor,floor_oceansky_01.png,PNG,512,128,512,128,RGB,opaque,100,"0.5,0.5",FullRect,Bilinear,Clamp,false,derive-from-accepted-importer,2048,W05_env,world,Platforms,0,n/a,themed ledge; 9-slice-safe,Memory Cues compatible; 6-colour distinct,ChatGPT + deterministic postprocess,W05-FLOOR,true,ledge surface line consistent; collider unchanged,SPEC-ONLY
W05-plat_base,W05,Platforms,plat_base,"Ocean Sky platform base (neutral, tinted at runtime)",P2,"Ocean Sky platform base (neutral, tinted at runtime)",Assets/_JebbyJump/Art/Worlds/W05_OceanSky/Platforms,plat_oceansky_base_01.png,PNG,256,96,256,96,RGBA,transparent,100,"0.5,0.5",FullRect,Bilinear,Clamp,false,derive-from-accepted-importer,2048,W05_env,world,Platforms,1,tinted: E63838/3878E6/38BF59/F9DE2C/9938E6/E58A1B,"coral neutral base, near-greyscale, 9-slice safe",Memory Cues compatible; 6-colour distinct,ChatGPT + deterministic postprocess,W05-PLAT,true,reads correctly under all six locked tints at 70px; collider/width unchanged,SPEC-ONLY
W05-hazard,W05,Obstacles,hazard,Ocean Sky hazard (coral_spine),P2,Ocean Sky hazard (coral_spine),Assets/_JebbyJump/Art/Worlds/W05_OceanSky/Obstacles,hazard_coral_spine_01.png,PNG,1254,1254,1254,1254,RGBA,transparent,100,ink-base,FullRect,Bilinear,Clamp,false,derive-from-accepted-importer,2048,W05_env,world,Obstacles,2,n/a,cactus-equivalent reskin,Memory Cues compatible; 6-colour distinct,ChatGPT + deterministic postprocess,W05-HAZ,true,behaviour-equivalent to cactus; ink-base pivot; trigger unchanged,SPEC-ONLY
W05-deco,W05,Decoration,deco,Ocean Sky decoration set,P2,Ocean Sky decoration set,Assets/_JebbyJump/Art/Worlds/W05_OceanSky/Decorations,deco_oceansky_01.png,PNG,1024,1024,1024,1024,RGBA,transparent,100,"0.5,0.5",FullRect,Bilinear,Clamp,false,derive-from-accepted-importer,2048,W05_env,world,Background,-8,n/a,non-colliding props,Memory Cues compatible; 6-colour distinct,ChatGPT + deterministic postprocess,W05-DECO,true,no gameplay collision; crop-safe,SPEC-ONLY
W05-thumb,W05,UI,thumb,Ocean Sky world-select thumbnail,P2,Ocean Sky world-select thumbnail,Assets/_JebbyJump/Art/Worlds/W05_OceanSky/UI,world_thumb_oceansky_01.png,PNG,512,512,512,512,RGB,opaque,100,"0.5,0.5",FullRect,Bilinear,Clamp,false,derive-from-accepted-importer,2048,W05_ui,512,UI,0,n/a,world identity icon,Memory Cues compatible; 6-colour distinct,ChatGPT + deterministic postprocess,W05-THUMB,true,recognisable at 128px; locked/complete variants,SPEC-ONLY
W05-story,W05,UI,story,Ocean Sky story card illustration,P2,Ocean Sky story card illustration,Assets/_JebbyJump/Art/Worlds/W05_OceanSky/UI,story_card_oceansky_01.png,PNG,1600,900,1600,900,RGB,opaque,100,"0.5,0.5",FullRect,Bilinear,Clamp,false,derive-from-accepted-importer,2048,W05_ui,1600x900,UI,0,n/a,postcard scene; tower stage,Memory Cues compatible; 6-colour distinct,ChatGPT + deterministic postprocess,W05-STORY,true,tower stage per doc 05; text-safe zone,SPEC-ONLY
W05-finale,W05,UI,finale,Ocean Sky finale treatment,P2,Ocean Sky finale treatment,Assets/_JebbyJump/Art/Worlds/W05_OceanSky/UI,finale_oceansky_01.png,PNG,1920,1080,1920,1080,RGBA,transparent,100,"0.5,0.5",FullRect,Bilinear,Clamp,false,derive-from-accepted-importer,2048,W05_ui,1920x1080,UI,5,n/a,finale set-piece overlay,Memory Cues compatible; 6-colour distinct,ChatGPT + deterministic postprocess,W05-FINALE,true,celebratory; child-safe; no new mechanic implied,SPEC-ONLY
W05-gem,W05,UI,gem,Ocean Sky World Gem trophy,P2,Ocean Sky World Gem trophy,Assets/_JebbyJump/Art/Worlds/W05_OceanSky/UI,world_gem_oceansky_01.png,PNG,256,256,256,256,RGBA,transparent,100,"0.5,0.5",FullRect,Bilinear,Clamp,false,derive-from-accepted-importer,2048,W05_ui,256,UI,0,n/a,non-spendable trophy icon,Memory Cues compatible; 6-colour distinct,ChatGPT + deterministic postprocess,W05-GEM,true,collection marker; not currency,SPEC-ONLY
W05-cosmetic,W05,UI,cosmetic,Ocean Sky cosmetic reward art,P2,Ocean Sky cosmetic reward art,Assets/_JebbyJump/Art/Worlds/W05_OceanSky/UI,cosmetic_oceansky_01.png,PNG,512,512,512,512,RGBA,transparent,100,"0.5,0.5",FullRect,Bilinear,Clamp,false,derive-from-accepted-importer,2048,W05_ui,512,UI,0,n/a,themed wardrobe unlock preview,Memory Cues compatible; 6-colour distinct,ChatGPT + deterministic postprocess,W05-COSM,true,wardrobe-preview compatible,SPEC-ONLY
W05-badge,W05,UI,badge,Ocean Sky world badge,P2,Ocean Sky world badge,Assets/_JebbyJump/Art/Worlds/W05_OceanSky/UI,world_badge_oceansky_01.png,PNG,192,192,192,192,RGBA,transparent,100,"0.5,0.5",FullRect,Bilinear,Clamp,false,derive-from-accepted-importer,2048,W05_ui,192,UI,1,n/a,level-select world card badge,Memory Cues compatible; 6-colour distinct,ChatGPT + deterministic postprocess,W05-BADGE,true,locked/completed/finale states,SPEC-ONLY
W06-bg,W06,Background,bg,Candy Cloud Kingdom gameplay background,P2,Candy Cloud Kingdom gameplay background,Assets/_JebbyJump/Art/Worlds/W06_CandyCloudKingdom/Backgrounds,bg_candycloudkingdom_01.png,PNG,2400,1080,2400,1080,RGB,opaque,100,"0.5,0.5",FullRect,Bilinear,Clamp,false,derive-from-accepted-importer,2048,W06_env,camera-locked 1.5x,Background,-10,n/a,world-unique sky/env,Memory Cues compatible; 6-colour distinct,ChatGPT + deterministic postprocess,W06-BG,true,fills 16:9..20:9; no debug UI; warm-safe,SPEC-ONLY
W06-tower,W06,Background,tower,Candy Cloud Kingdom Rainbow Tower landmark,P2,Candy Cloud Kingdom Rainbow Tower landmark,Assets/_JebbyJump/Art/Worlds/W06_CandyCloudKingdom/Backgrounds,landmark_tower_candycloudkingdom_01.png,PNG,900,1400,900,1400,RGBA,transparent,100,"0.5,0.0",FullRect,Bilinear,Clamp,false,derive-from-accepted-importer,2048,W06_env,distant,Background,-9,n/a,tower progression stage,Memory Cues compatible; 6-colour distinct,ChatGPT + deterministic postprocess,LANDMARK,true,tower stage per doc 05; transparent,SPEC-ONLY
W06-floor,W06,Floor,floor,Candy Cloud Kingdom start ledge,P2,Candy Cloud Kingdom start ledge,Assets/_JebbyJump/Art/Worlds/W06_CandyCloudKingdom/Floor,floor_candycloudkingdom_01.png,PNG,512,128,512,128,RGB,opaque,100,"0.5,0.5",FullRect,Bilinear,Clamp,false,derive-from-accepted-importer,2048,W06_env,world,Platforms,0,n/a,themed ledge; 9-slice-safe,Memory Cues compatible; 6-colour distinct,ChatGPT + deterministic postprocess,W06-FLOOR,true,ledge surface line consistent; collider unchanged,SPEC-ONLY
W06-plat_base,W06,Platforms,plat_base,"Candy Cloud Kingdom platform base (neutral, tinted at runtime)",P2,"Candy Cloud Kingdom platform base (neutral, tinted at runtime)",Assets/_JebbyJump/Art/Worlds/W06_CandyCloudKingdom/Platforms,plat_candycloudkingdom_base_01.png,PNG,256,96,256,96,RGBA,transparent,100,"0.5,0.5",FullRect,Bilinear,Clamp,false,derive-from-accepted-importer,2048,W06_env,world,Platforms,1,tinted: E63838/3878E6/38BF59/F9DE2C/9938E6/E58A1B,"candy neutral base, near-greyscale, 9-slice safe",Memory Cues compatible; 6-colour distinct,ChatGPT + deterministic postprocess,W06-PLAT,true,reads correctly under all six locked tints at 70px; collider/width unchanged,SPEC-ONLY
W06-hazard,W06,Obstacles,hazard,Candy Cloud Kingdom hazard (candy_thorn),P2,Candy Cloud Kingdom hazard (candy_thorn),Assets/_JebbyJump/Art/Worlds/W06_CandyCloudKingdom/Obstacles,hazard_candy_thorn_01.png,PNG,1254,1254,1254,1254,RGBA,transparent,100,ink-base,FullRect,Bilinear,Clamp,false,derive-from-accepted-importer,2048,W06_env,world,Obstacles,2,n/a,cactus-equivalent reskin,Memory Cues compatible; 6-colour distinct,ChatGPT + deterministic postprocess,W06-HAZ,true,behaviour-equivalent to cactus; ink-base pivot; trigger unchanged,SPEC-ONLY
W06-deco,W06,Decoration,deco,Candy Cloud Kingdom decoration set,P2,Candy Cloud Kingdom decoration set,Assets/_JebbyJump/Art/Worlds/W06_CandyCloudKingdom/Decorations,deco_candycloudkingdom_01.png,PNG,1024,1024,1024,1024,RGBA,transparent,100,"0.5,0.5",FullRect,Bilinear,Clamp,false,derive-from-accepted-importer,2048,W06_env,world,Background,-8,n/a,non-colliding props,Memory Cues compatible; 6-colour distinct,ChatGPT + deterministic postprocess,W06-DECO,true,no gameplay collision; crop-safe,SPEC-ONLY
W06-thumb,W06,UI,thumb,Candy Cloud Kingdom world-select thumbnail,P2,Candy Cloud Kingdom world-select thumbnail,Assets/_JebbyJump/Art/Worlds/W06_CandyCloudKingdom/UI,world_thumb_candycloudkingdom_01.png,PNG,512,512,512,512,RGB,opaque,100,"0.5,0.5",FullRect,Bilinear,Clamp,false,derive-from-accepted-importer,2048,W06_ui,512,UI,0,n/a,world identity icon,Memory Cues compatible; 6-colour distinct,ChatGPT + deterministic postprocess,W06-THUMB,true,recognisable at 128px; locked/complete variants,SPEC-ONLY
W06-story,W06,UI,story,Candy Cloud Kingdom story card illustration,P2,Candy Cloud Kingdom story card illustration,Assets/_JebbyJump/Art/Worlds/W06_CandyCloudKingdom/UI,story_card_candycloudkingdom_01.png,PNG,1600,900,1600,900,RGB,opaque,100,"0.5,0.5",FullRect,Bilinear,Clamp,false,derive-from-accepted-importer,2048,W06_ui,1600x900,UI,0,n/a,postcard scene; tower stage,Memory Cues compatible; 6-colour distinct,ChatGPT + deterministic postprocess,W06-STORY,true,tower stage per doc 05; text-safe zone,SPEC-ONLY
W06-finale,W06,UI,finale,Candy Cloud Kingdom finale treatment,P2,Candy Cloud Kingdom finale treatment,Assets/_JebbyJump/Art/Worlds/W06_CandyCloudKingdom/UI,finale_candycloudkingdom_01.png,PNG,1920,1080,1920,1080,RGBA,transparent,100,"0.5,0.5",FullRect,Bilinear,Clamp,false,derive-from-accepted-importer,2048,W06_ui,1920x1080,UI,5,n/a,finale set-piece overlay,Memory Cues compatible; 6-colour distinct,ChatGPT + deterministic postprocess,W06-FINALE,true,celebratory; child-safe; no new mechanic implied,SPEC-ONLY
W06-gem,W06,UI,gem,Candy Cloud Kingdom World Gem trophy,P2,Candy Cloud Kingdom World Gem trophy,Assets/_JebbyJump/Art/Worlds/W06_CandyCloudKingdom/UI,world_gem_candycloudkingdom_01.png,PNG,256,256,256,256,RGBA,transparent,100,"0.5,0.5",FullRect,Bilinear,Clamp,false,derive-from-accepted-importer,2048,W06_ui,256,UI,0,n/a,non-spendable trophy icon,Memory Cues compatible; 6-colour distinct,ChatGPT + deterministic postprocess,W06-GEM,true,collection marker; not currency,SPEC-ONLY
W06-cosmetic,W06,UI,cosmetic,Candy Cloud Kingdom cosmetic reward art,P2,Candy Cloud Kingdom cosmetic reward art,Assets/_JebbyJump/Art/Worlds/W06_CandyCloudKingdom/UI,cosmetic_candycloudkingdom_01.png,PNG,512,512,512,512,RGBA,transparent,100,"0.5,0.5",FullRect,Bilinear,Clamp,false,derive-from-accepted-importer,2048,W06_ui,512,UI,0,n/a,themed wardrobe unlock preview,Memory Cues compatible; 6-colour distinct,ChatGPT + deterministic postprocess,W06-COSM,true,wardrobe-preview compatible,SPEC-ONLY
W06-badge,W06,UI,badge,Candy Cloud Kingdom world badge,P2,Candy Cloud Kingdom world badge,Assets/_JebbyJump/Art/Worlds/W06_CandyCloudKingdom/UI,world_badge_candycloudkingdom_01.png,PNG,192,192,192,192,RGBA,transparent,100,"0.5,0.5",FullRect,Bilinear,Clamp,false,derive-from-accepted-importer,2048,W06_ui,192,UI,1,n/a,level-select world card badge,Memory Cues compatible; 6-colour distinct,ChatGPT + deterministic postprocess,W06-BADGE,true,locked/completed/finale states,SPEC-ONLY
W07-bg,W07,Background,bg,Clockwork Heights gameplay background,P2,Clockwork Heights gameplay background,Assets/_JebbyJump/Art/Worlds/W07_ClockworkHeights/Backgrounds,bg_clockworkheights_01.png,PNG,2400,1080,2400,1080,RGB,opaque,100,"0.5,0.5",FullRect,Bilinear,Clamp,false,derive-from-accepted-importer,2048,W07_env,camera-locked 1.5x,Background,-10,n/a,world-unique sky/env,Memory Cues compatible; 6-colour distinct,ChatGPT + deterministic postprocess,W07-BG,true,fills 16:9..20:9; no debug UI; warm-safe,SPEC-ONLY
W07-tower,W07,Background,tower,Clockwork Heights Rainbow Tower landmark,P2,Clockwork Heights Rainbow Tower landmark,Assets/_JebbyJump/Art/Worlds/W07_ClockworkHeights/Backgrounds,landmark_tower_clockworkheights_01.png,PNG,900,1400,900,1400,RGBA,transparent,100,"0.5,0.0",FullRect,Bilinear,Clamp,false,derive-from-accepted-importer,2048,W07_env,distant,Background,-9,n/a,tower progression stage,Memory Cues compatible; 6-colour distinct,ChatGPT + deterministic postprocess,LANDMARK,true,tower stage per doc 05; transparent,SPEC-ONLY
W07-floor,W07,Floor,floor,Clockwork Heights start ledge,P2,Clockwork Heights start ledge,Assets/_JebbyJump/Art/Worlds/W07_ClockworkHeights/Floor,floor_clockworkheights_01.png,PNG,512,128,512,128,RGB,opaque,100,"0.5,0.5",FullRect,Bilinear,Clamp,false,derive-from-accepted-importer,2048,W07_env,world,Platforms,0,n/a,themed ledge; 9-slice-safe,Memory Cues compatible; 6-colour distinct,ChatGPT + deterministic postprocess,W07-FLOOR,true,ledge surface line consistent; collider unchanged,SPEC-ONLY
W07-plat_base,W07,Platforms,plat_base,"Clockwork Heights platform base (neutral, tinted at runtime)",P2,"Clockwork Heights platform base (neutral, tinted at runtime)",Assets/_JebbyJump/Art/Worlds/W07_ClockworkHeights/Platforms,plat_clockworkheights_base_01.png,PNG,256,96,256,96,RGBA,transparent,100,"0.5,0.5",FullRect,Bilinear,Clamp,false,derive-from-accepted-importer,2048,W07_env,world,Platforms,1,tinted: E63838/3878E6/38BF59/F9DE2C/9938E6/E58A1B,"brass neutral base, near-greyscale, 9-slice safe",Memory Cues compatible; 6-colour distinct,ChatGPT + deterministic postprocess,W07-PLAT,true,reads correctly under all six locked tints at 70px; collider/width unchanged,SPEC-ONLY
W07-hazard,W07,Obstacles,hazard,Clockwork Heights hazard (clockwork_spike),P2,Clockwork Heights hazard (clockwork_spike),Assets/_JebbyJump/Art/Worlds/W07_ClockworkHeights/Obstacles,hazard_clockwork_spike_01.png,PNG,1254,1254,1254,1254,RGBA,transparent,100,ink-base,FullRect,Bilinear,Clamp,false,derive-from-accepted-importer,2048,W07_env,world,Obstacles,2,n/a,cactus-equivalent reskin,Memory Cues compatible; 6-colour distinct,ChatGPT + deterministic postprocess,W07-HAZ,true,behaviour-equivalent to cactus; ink-base pivot; trigger unchanged,SPEC-ONLY
W07-deco,W07,Decoration,deco,Clockwork Heights decoration set,P2,Clockwork Heights decoration set,Assets/_JebbyJump/Art/Worlds/W07_ClockworkHeights/Decorations,deco_clockworkheights_01.png,PNG,1024,1024,1024,1024,RGBA,transparent,100,"0.5,0.5",FullRect,Bilinear,Clamp,false,derive-from-accepted-importer,2048,W07_env,world,Background,-8,n/a,non-colliding props,Memory Cues compatible; 6-colour distinct,ChatGPT + deterministic postprocess,W07-DECO,true,no gameplay collision; crop-safe,SPEC-ONLY
W07-thumb,W07,UI,thumb,Clockwork Heights world-select thumbnail,P2,Clockwork Heights world-select thumbnail,Assets/_JebbyJump/Art/Worlds/W07_ClockworkHeights/UI,world_thumb_clockworkheights_01.png,PNG,512,512,512,512,RGB,opaque,100,"0.5,0.5",FullRect,Bilinear,Clamp,false,derive-from-accepted-importer,2048,W07_ui,512,UI,0,n/a,world identity icon,Memory Cues compatible; 6-colour distinct,ChatGPT + deterministic postprocess,W07-THUMB,true,recognisable at 128px; locked/complete variants,SPEC-ONLY
W07-story,W07,UI,story,Clockwork Heights story card illustration,P2,Clockwork Heights story card illustration,Assets/_JebbyJump/Art/Worlds/W07_ClockworkHeights/UI,story_card_clockworkheights_01.png,PNG,1600,900,1600,900,RGB,opaque,100,"0.5,0.5",FullRect,Bilinear,Clamp,false,derive-from-accepted-importer,2048,W07_ui,1600x900,UI,0,n/a,postcard scene; tower stage,Memory Cues compatible; 6-colour distinct,ChatGPT + deterministic postprocess,W07-STORY,true,tower stage per doc 05; text-safe zone,SPEC-ONLY
W07-finale,W07,UI,finale,Clockwork Heights finale treatment,P2,Clockwork Heights finale treatment,Assets/_JebbyJump/Art/Worlds/W07_ClockworkHeights/UI,finale_clockworkheights_01.png,PNG,1920,1080,1920,1080,RGBA,transparent,100,"0.5,0.5",FullRect,Bilinear,Clamp,false,derive-from-accepted-importer,2048,W07_ui,1920x1080,UI,5,n/a,finale set-piece overlay,Memory Cues compatible; 6-colour distinct,ChatGPT + deterministic postprocess,W07-FINALE,true,celebratory; child-safe; no new mechanic implied,SPEC-ONLY
W07-gem,W07,UI,gem,Clockwork Heights World Gem trophy,P2,Clockwork Heights World Gem trophy,Assets/_JebbyJump/Art/Worlds/W07_ClockworkHeights/UI,world_gem_clockworkheights_01.png,PNG,256,256,256,256,RGBA,transparent,100,"0.5,0.5",FullRect,Bilinear,Clamp,false,derive-from-accepted-importer,2048,W07_ui,256,UI,0,n/a,non-spendable trophy icon,Memory Cues compatible; 6-colour distinct,ChatGPT + deterministic postprocess,W07-GEM,true,collection marker; not currency,SPEC-ONLY
W07-cosmetic,W07,UI,cosmetic,Clockwork Heights cosmetic reward art,P2,Clockwork Heights cosmetic reward art,Assets/_JebbyJump/Art/Worlds/W07_ClockworkHeights/UI,cosmetic_clockworkheights_01.png,PNG,512,512,512,512,RGBA,transparent,100,"0.5,0.5",FullRect,Bilinear,Clamp,false,derive-from-accepted-importer,2048,W07_ui,512,UI,0,n/a,themed wardrobe unlock preview,Memory Cues compatible; 6-colour distinct,ChatGPT + deterministic postprocess,W07-COSM,true,wardrobe-preview compatible,SPEC-ONLY
W07-badge,W07,UI,badge,Clockwork Heights world badge,P2,Clockwork Heights world badge,Assets/_JebbyJump/Art/Worlds/W07_ClockworkHeights/UI,world_badge_clockworkheights_01.png,PNG,192,192,192,192,RGBA,transparent,100,"0.5,0.5",FullRect,Bilinear,Clamp,false,derive-from-accepted-importer,2048,W07_ui,192,UI,1,n/a,level-select world card badge,Memory Cues compatible; 6-colour distinct,ChatGPT + deterministic postprocess,W07-BADGE,true,locked/completed/finale states,SPEC-ONLY
W08-bg,W08,Background,bg,Moonlit Dreamscape gameplay background,P2,Moonlit Dreamscape gameplay background,Assets/_JebbyJump/Art/Worlds/W08_MoonlitDreamscape/Backgrounds,bg_moonlitdreamscape_01.png,PNG,2400,1080,2400,1080,RGB,opaque,100,"0.5,0.5",FullRect,Bilinear,Clamp,false,derive-from-accepted-importer,2048,W08_env,camera-locked 1.5x,Background,-10,n/a,world-unique sky/env,Memory Cues compatible; 6-colour distinct,ChatGPT + deterministic postprocess,W08-BG,true,fills 16:9..20:9; no debug UI; warm-safe,SPEC-ONLY
W08-tower,W08,Background,tower,Moonlit Dreamscape Rainbow Tower landmark,P2,Moonlit Dreamscape Rainbow Tower landmark,Assets/_JebbyJump/Art/Worlds/W08_MoonlitDreamscape/Backgrounds,landmark_tower_moonlitdreamscape_01.png,PNG,900,1400,900,1400,RGBA,transparent,100,"0.5,0.0",FullRect,Bilinear,Clamp,false,derive-from-accepted-importer,2048,W08_env,distant,Background,-9,n/a,tower progression stage,Memory Cues compatible; 6-colour distinct,ChatGPT + deterministic postprocess,LANDMARK,true,tower stage per doc 05; transparent,SPEC-ONLY
W08-floor,W08,Floor,floor,Moonlit Dreamscape start ledge,P2,Moonlit Dreamscape start ledge,Assets/_JebbyJump/Art/Worlds/W08_MoonlitDreamscape/Floor,floor_moonlitdreamscape_01.png,PNG,512,128,512,128,RGB,opaque,100,"0.5,0.5",FullRect,Bilinear,Clamp,false,derive-from-accepted-importer,2048,W08_env,world,Platforms,0,n/a,themed ledge; 9-slice-safe,Memory Cues compatible; 6-colour distinct,ChatGPT + deterministic postprocess,W08-FLOOR,true,ledge surface line consistent; collider unchanged,SPEC-ONLY
W08-plat_base,W08,Platforms,plat_base,"Moonlit Dreamscape platform base (neutral, tinted at runtime)",P2,"Moonlit Dreamscape platform base (neutral, tinted at runtime)",Assets/_JebbyJump/Art/Worlds/W08_MoonlitDreamscape/Platforms,plat_moonlitdreamscape_base_01.png,PNG,256,96,256,96,RGBA,transparent,100,"0.5,0.5",FullRect,Bilinear,Clamp,false,derive-from-accepted-importer,2048,W08_env,world,Platforms,1,tinted: E63838/3878E6/38BF59/F9DE2C/9938E6/E58A1B,"moon-glass neutral base, near-greyscale, 9-slice safe",Memory Cues compatible; 6-colour distinct,ChatGPT + deterministic postprocess,W08-PLAT,true,reads correctly under all six locked tints at 70px; collider/width unchanged,SPEC-ONLY
W08-hazard,W08,Obstacles,hazard,Moonlit Dreamscape hazard (moon_thorn),P2,Moonlit Dreamscape hazard (moon_thorn),Assets/_JebbyJump/Art/Worlds/W08_MoonlitDreamscape/Obstacles,hazard_moon_thorn_01.png,PNG,1254,1254,1254,1254,RGBA,transparent,100,ink-base,FullRect,Bilinear,Clamp,false,derive-from-accepted-importer,2048,W08_env,world,Obstacles,2,n/a,cactus-equivalent reskin,Memory Cues compatible; 6-colour distinct,ChatGPT + deterministic postprocess,W08-HAZ,true,behaviour-equivalent to cactus; ink-base pivot; trigger unchanged,SPEC-ONLY
W08-deco,W08,Decoration,deco,Moonlit Dreamscape decoration set,P2,Moonlit Dreamscape decoration set,Assets/_JebbyJump/Art/Worlds/W08_MoonlitDreamscape/Decorations,deco_moonlitdreamscape_01.png,PNG,1024,1024,1024,1024,RGBA,transparent,100,"0.5,0.5",FullRect,Bilinear,Clamp,false,derive-from-accepted-importer,2048,W08_env,world,Background,-8,n/a,non-colliding props,Memory Cues compatible; 6-colour distinct,ChatGPT + deterministic postprocess,W08-DECO,true,no gameplay collision; crop-safe,SPEC-ONLY
W08-thumb,W08,UI,thumb,Moonlit Dreamscape world-select thumbnail,P2,Moonlit Dreamscape world-select thumbnail,Assets/_JebbyJump/Art/Worlds/W08_MoonlitDreamscape/UI,world_thumb_moonlitdreamscape_01.png,PNG,512,512,512,512,RGB,opaque,100,"0.5,0.5",FullRect,Bilinear,Clamp,false,derive-from-accepted-importer,2048,W08_ui,512,UI,0,n/a,world identity icon,Memory Cues compatible; 6-colour distinct,ChatGPT + deterministic postprocess,W08-THUMB,true,recognisable at 128px; locked/complete variants,SPEC-ONLY
W08-story,W08,UI,story,Moonlit Dreamscape story card illustration,P2,Moonlit Dreamscape story card illustration,Assets/_JebbyJump/Art/Worlds/W08_MoonlitDreamscape/UI,story_card_moonlitdreamscape_01.png,PNG,1600,900,1600,900,RGB,opaque,100,"0.5,0.5",FullRect,Bilinear,Clamp,false,derive-from-accepted-importer,2048,W08_ui,1600x900,UI,0,n/a,postcard scene; tower stage,Memory Cues compatible; 6-colour distinct,ChatGPT + deterministic postprocess,W08-STORY,true,tower stage per doc 05; text-safe zone,SPEC-ONLY
W08-finale,W08,UI,finale,Moonlit Dreamscape finale treatment,P2,Moonlit Dreamscape finale treatment,Assets/_JebbyJump/Art/Worlds/W08_MoonlitDreamscape/UI,finale_moonlitdreamscape_01.png,PNG,1920,1080,1920,1080,RGBA,transparent,100,"0.5,0.5",FullRect,Bilinear,Clamp,false,derive-from-accepted-importer,2048,W08_ui,1920x1080,UI,5,n/a,finale set-piece overlay,Memory Cues compatible; 6-colour distinct,ChatGPT + deterministic postprocess,W08-FINALE,true,celebratory; child-safe; no new mechanic implied,SPEC-ONLY
W08-gem,W08,UI,gem,Moonlit Dreamscape World Gem trophy,P2,Moonlit Dreamscape World Gem trophy,Assets/_JebbyJump/Art/Worlds/W08_MoonlitDreamscape/UI,world_gem_moonlitdreamscape_01.png,PNG,256,256,256,256,RGBA,transparent,100,"0.5,0.5",FullRect,Bilinear,Clamp,false,derive-from-accepted-importer,2048,W08_ui,256,UI,0,n/a,non-spendable trophy icon,Memory Cues compatible; 6-colour distinct,ChatGPT + deterministic postprocess,W08-GEM,true,collection marker; not currency,SPEC-ONLY
W08-cosmetic,W08,UI,cosmetic,Moonlit Dreamscape cosmetic reward art,P2,Moonlit Dreamscape cosmetic reward art,Assets/_JebbyJump/Art/Worlds/W08_MoonlitDreamscape/UI,cosmetic_moonlitdreamscape_01.png,PNG,512,512,512,512,RGBA,transparent,100,"0.5,0.5",FullRect,Bilinear,Clamp,false,derive-from-accepted-importer,2048,W08_ui,512,UI,0,n/a,themed wardrobe unlock preview,Memory Cues compatible; 6-colour distinct,ChatGPT + deterministic postprocess,W08-COSM,true,wardrobe-preview compatible,SPEC-ONLY
W08-badge,W08,UI,badge,Moonlit Dreamscape world badge,P2,Moonlit Dreamscape world badge,Assets/_JebbyJump/Art/Worlds/W08_MoonlitDreamscape/UI,world_badge_moonlitdreamscape_01.png,PNG,192,192,192,192,RGBA,transparent,100,"0.5,0.5",FullRect,Bilinear,Clamp,false,derive-from-accepted-importer,2048,W08_ui,192,UI,1,n/a,level-select world card badge,Memory Cues compatible; 6-colour distinct,ChatGPT + deterministic postprocess,W08-BADGE,true,locked/completed/finale states,SPEC-ONLY
W09-bg,W09,Background,bg,Stormfire Volcano gameplay background,P2,Stormfire Volcano gameplay background,Assets/_JebbyJump/Art/Worlds/W09_StormfireVolcano/Backgrounds,bg_stormfirevolcano_01.png,PNG,2400,1080,2400,1080,RGB,opaque,100,"0.5,0.5",FullRect,Bilinear,Clamp,false,derive-from-accepted-importer,2048,W09_env,camera-locked 1.5x,Background,-10,n/a,world-unique sky/env,Memory Cues compatible; 6-colour distinct,ChatGPT + deterministic postprocess,W09-BG,true,fills 16:9..20:9; no debug UI; warm-safe,SPEC-ONLY
W09-tower,W09,Background,tower,Stormfire Volcano Rainbow Tower landmark,P2,Stormfire Volcano Rainbow Tower landmark,Assets/_JebbyJump/Art/Worlds/W09_StormfireVolcano/Backgrounds,landmark_tower_stormfirevolcano_01.png,PNG,900,1400,900,1400,RGBA,transparent,100,"0.5,0.0",FullRect,Bilinear,Clamp,false,derive-from-accepted-importer,2048,W09_env,distant,Background,-9,n/a,tower progression stage,Memory Cues compatible; 6-colour distinct,ChatGPT + deterministic postprocess,LANDMARK,true,tower stage per doc 05; transparent,SPEC-ONLY
W09-floor,W09,Floor,floor,Stormfire Volcano start ledge,P2,Stormfire Volcano start ledge,Assets/_JebbyJump/Art/Worlds/W09_StormfireVolcano/Floor,floor_stormfirevolcano_01.png,PNG,512,128,512,128,RGB,opaque,100,"0.5,0.5",FullRect,Bilinear,Clamp,false,derive-from-accepted-importer,2048,W09_env,world,Platforms,0,n/a,themed ledge; 9-slice-safe,Memory Cues compatible; 6-colour distinct,ChatGPT + deterministic postprocess,W09-FLOOR,true,ledge surface line consistent; collider unchanged,SPEC-ONLY
W09-plat_base,W09,Platforms,plat_base,"Stormfire Volcano platform base (neutral, tinted at runtime)",P2,"Stormfire Volcano platform base (neutral, tinted at runtime)",Assets/_JebbyJump/Art/Worlds/W09_StormfireVolcano/Platforms,plat_stormfirevolcano_base_01.png,PNG,256,96,256,96,RGBA,transparent,100,"0.5,0.5",FullRect,Bilinear,Clamp,false,derive-from-accepted-importer,2048,W09_env,world,Platforms,1,tinted: E63838/3878E6/38BF59/F9DE2C/9938E6/E58A1B,"volcanic rock neutral base, near-greyscale, 9-slice safe",Memory Cues compatible; 6-colour distinct,ChatGPT + deterministic postprocess,W09-PLAT,true,reads correctly under all six locked tints at 70px; collider/width unchanged,SPEC-ONLY
W09-hazard,W09,Obstacles,hazard,Stormfire Volcano hazard (volcanic_ember_spike),P2,Stormfire Volcano hazard (volcanic_ember_spike),Assets/_JebbyJump/Art/Worlds/W09_StormfireVolcano/Obstacles,hazard_volcanic_ember_spike_01.png,PNG,1254,1254,1254,1254,RGBA,transparent,100,ink-base,FullRect,Bilinear,Clamp,false,derive-from-accepted-importer,2048,W09_env,world,Obstacles,2,n/a,cactus-equivalent reskin,Memory Cues compatible; 6-colour distinct,ChatGPT + deterministic postprocess,W09-HAZ,true,behaviour-equivalent to cactus; ink-base pivot; trigger unchanged,SPEC-ONLY
W09-deco,W09,Decoration,deco,Stormfire Volcano decoration set,P2,Stormfire Volcano decoration set,Assets/_JebbyJump/Art/Worlds/W09_StormfireVolcano/Decorations,deco_stormfirevolcano_01.png,PNG,1024,1024,1024,1024,RGBA,transparent,100,"0.5,0.5",FullRect,Bilinear,Clamp,false,derive-from-accepted-importer,2048,W09_env,world,Background,-8,n/a,non-colliding props,Memory Cues compatible; 6-colour distinct,ChatGPT + deterministic postprocess,W09-DECO,true,no gameplay collision; crop-safe,SPEC-ONLY
W09-thumb,W09,UI,thumb,Stormfire Volcano world-select thumbnail,P2,Stormfire Volcano world-select thumbnail,Assets/_JebbyJump/Art/Worlds/W09_StormfireVolcano/UI,world_thumb_stormfirevolcano_01.png,PNG,512,512,512,512,RGB,opaque,100,"0.5,0.5",FullRect,Bilinear,Clamp,false,derive-from-accepted-importer,2048,W09_ui,512,UI,0,n/a,world identity icon,Memory Cues compatible; 6-colour distinct,ChatGPT + deterministic postprocess,W09-THUMB,true,recognisable at 128px; locked/complete variants,SPEC-ONLY
W09-story,W09,UI,story,Stormfire Volcano story card illustration,P2,Stormfire Volcano story card illustration,Assets/_JebbyJump/Art/Worlds/W09_StormfireVolcano/UI,story_card_stormfirevolcano_01.png,PNG,1600,900,1600,900,RGB,opaque,100,"0.5,0.5",FullRect,Bilinear,Clamp,false,derive-from-accepted-importer,2048,W09_ui,1600x900,UI,0,n/a,postcard scene; tower stage,Memory Cues compatible; 6-colour distinct,ChatGPT + deterministic postprocess,W09-STORY,true,tower stage per doc 05; text-safe zone,SPEC-ONLY
W09-finale,W09,UI,finale,Stormfire Volcano finale treatment,P2,Stormfire Volcano finale treatment,Assets/_JebbyJump/Art/Worlds/W09_StormfireVolcano/UI,finale_stormfirevolcano_01.png,PNG,1920,1080,1920,1080,RGBA,transparent,100,"0.5,0.5",FullRect,Bilinear,Clamp,false,derive-from-accepted-importer,2048,W09_ui,1920x1080,UI,5,n/a,finale set-piece overlay,Memory Cues compatible; 6-colour distinct,ChatGPT + deterministic postprocess,W09-FINALE,true,celebratory; child-safe; no new mechanic implied,SPEC-ONLY
W09-gem,W09,UI,gem,Stormfire Volcano World Gem trophy,P2,Stormfire Volcano World Gem trophy,Assets/_JebbyJump/Art/Worlds/W09_StormfireVolcano/UI,world_gem_stormfirevolcano_01.png,PNG,256,256,256,256,RGBA,transparent,100,"0.5,0.5",FullRect,Bilinear,Clamp,false,derive-from-accepted-importer,2048,W09_ui,256,UI,0,n/a,non-spendable trophy icon,Memory Cues compatible; 6-colour distinct,ChatGPT + deterministic postprocess,W09-GEM,true,collection marker; not currency,SPEC-ONLY
W09-cosmetic,W09,UI,cosmetic,Stormfire Volcano cosmetic reward art,P2,Stormfire Volcano cosmetic reward art,Assets/_JebbyJump/Art/Worlds/W09_StormfireVolcano/UI,cosmetic_stormfirevolcano_01.png,PNG,512,512,512,512,RGBA,transparent,100,"0.5,0.5",FullRect,Bilinear,Clamp,false,derive-from-accepted-importer,2048,W09_ui,512,UI,0,n/a,themed wardrobe unlock preview,Memory Cues compatible; 6-colour distinct,ChatGPT + deterministic postprocess,W09-COSM,true,wardrobe-preview compatible,SPEC-ONLY
W09-badge,W09,UI,badge,Stormfire Volcano world badge,P2,Stormfire Volcano world badge,Assets/_JebbyJump/Art/Worlds/W09_StormfireVolcano/UI,world_badge_stormfirevolcano_01.png,PNG,192,192,192,192,RGBA,transparent,100,"0.5,0.5",FullRect,Bilinear,Clamp,false,derive-from-accepted-importer,2048,W09_ui,192,UI,1,n/a,level-select world card badge,Memory Cues compatible; 6-colour distinct,ChatGPT + deterministic postprocess,W09-BADGE,true,locked/completed/finale states,SPEC-ONLY
W10-bg,W10,Background,bg,Rainbow Tower Castle gameplay background,P2,Rainbow Tower Castle gameplay background,Assets/_JebbyJump/Art/Worlds/W10_RainbowTowerCastle/Backgrounds,bg_rainbowtowercastle_01.png,PNG,2400,1080,2400,1080,RGB,opaque,100,"0.5,0.5",FullRect,Bilinear,Clamp,false,derive-from-accepted-importer,2048,W10_env,camera-locked 1.5x,Background,-10,n/a,world-unique sky/env,Memory Cues compatible; 6-colour distinct,ChatGPT + deterministic postprocess,W10-BG,true,fills 16:9..20:9; no debug UI; warm-safe,SPEC-ONLY
W10-tower,W10,Background,tower,Rainbow Tower Castle Rainbow Tower landmark,P2,Rainbow Tower Castle Rainbow Tower landmark,Assets/_JebbyJump/Art/Worlds/W10_RainbowTowerCastle/Backgrounds,landmark_tower_rainbowtowercastle_01.png,PNG,900,1400,900,1400,RGBA,transparent,100,"0.5,0.0",FullRect,Bilinear,Clamp,false,derive-from-accepted-importer,2048,W10_env,distant,Background,-9,n/a,tower progression stage,Memory Cues compatible; 6-colour distinct,ChatGPT + deterministic postprocess,LANDMARK,true,tower stage per doc 05; transparent,SPEC-ONLY
W10-floor,W10,Floor,floor,Rainbow Tower Castle start ledge,P2,Rainbow Tower Castle start ledge,Assets/_JebbyJump/Art/Worlds/W10_RainbowTowerCastle/Floor,floor_rainbowtowercastle_01.png,PNG,512,128,512,128,RGB,opaque,100,"0.5,0.5",FullRect,Bilinear,Clamp,false,derive-from-accepted-importer,2048,W10_env,world,Platforms,0,n/a,themed ledge; 9-slice-safe,Memory Cues compatible; 6-colour distinct,ChatGPT + deterministic postprocess,W10-FLOOR,true,ledge surface line consistent; collider unchanged,SPEC-ONLY
W10-plat_base,W10,Platforms,plat_base,"Rainbow Tower Castle platform base (neutral, tinted at runtime)",P2,"Rainbow Tower Castle platform base (neutral, tinted at runtime)",Assets/_JebbyJump/Art/Worlds/W10_RainbowTowerCastle/Platforms,plat_rainbowtowercastle_base_01.png,PNG,256,96,256,96,RGBA,transparent,100,"0.5,0.5",FullRect,Bilinear,Clamp,false,derive-from-accepted-importer,2048,W10_env,world,Platforms,1,tinted: E63838/3878E6/38BF59/F9DE2C/9938E6/E58A1B,"rainbow crystal neutral base, near-greyscale, 9-slice safe",Memory Cues compatible; 6-colour distinct,ChatGPT + deterministic postprocess,W10-PLAT,true,reads correctly under all six locked tints at 70px; collider/width unchanged,SPEC-ONLY
W10-hazard,W10,Obstacles,hazard,Rainbow Tower Castle hazard (rainbow_ward_spike),P2,Rainbow Tower Castle hazard (rainbow_ward_spike),Assets/_JebbyJump/Art/Worlds/W10_RainbowTowerCastle/Obstacles,hazard_rainbow_ward_spike_01.png,PNG,1254,1254,1254,1254,RGBA,transparent,100,ink-base,FullRect,Bilinear,Clamp,false,derive-from-accepted-importer,2048,W10_env,world,Obstacles,2,n/a,cactus-equivalent reskin,Memory Cues compatible; 6-colour distinct,ChatGPT + deterministic postprocess,W10-HAZ,true,behaviour-equivalent to cactus; ink-base pivot; trigger unchanged,SPEC-ONLY
W10-deco,W10,Decoration,deco,Rainbow Tower Castle decoration set,P2,Rainbow Tower Castle decoration set,Assets/_JebbyJump/Art/Worlds/W10_RainbowTowerCastle/Decorations,deco_rainbowtowercastle_01.png,PNG,1024,1024,1024,1024,RGBA,transparent,100,"0.5,0.5",FullRect,Bilinear,Clamp,false,derive-from-accepted-importer,2048,W10_env,world,Background,-8,n/a,non-colliding props,Memory Cues compatible; 6-colour distinct,ChatGPT + deterministic postprocess,W10-DECO,true,no gameplay collision; crop-safe,SPEC-ONLY
W10-thumb,W10,UI,thumb,Rainbow Tower Castle world-select thumbnail,P2,Rainbow Tower Castle world-select thumbnail,Assets/_JebbyJump/Art/Worlds/W10_RainbowTowerCastle/UI,world_thumb_rainbowtowercastle_01.png,PNG,512,512,512,512,RGB,opaque,100,"0.5,0.5",FullRect,Bilinear,Clamp,false,derive-from-accepted-importer,2048,W10_ui,512,UI,0,n/a,world identity icon,Memory Cues compatible; 6-colour distinct,ChatGPT + deterministic postprocess,W10-THUMB,true,recognisable at 128px; locked/complete variants,SPEC-ONLY
W10-story,W10,UI,story,Rainbow Tower Castle story card illustration,P2,Rainbow Tower Castle story card illustration,Assets/_JebbyJump/Art/Worlds/W10_RainbowTowerCastle/UI,story_card_rainbowtowercastle_01.png,PNG,1600,900,1600,900,RGB,opaque,100,"0.5,0.5",FullRect,Bilinear,Clamp,false,derive-from-accepted-importer,2048,W10_ui,1600x900,UI,0,n/a,postcard scene; tower stage,Memory Cues compatible; 6-colour distinct,ChatGPT + deterministic postprocess,W10-STORY,true,tower stage per doc 05; text-safe zone,SPEC-ONLY
W10-finale,W10,UI,finale,Rainbow Tower Castle finale treatment,P2,Rainbow Tower Castle finale treatment,Assets/_JebbyJump/Art/Worlds/W10_RainbowTowerCastle/UI,finale_rainbowtowercastle_01.png,PNG,1920,1080,1920,1080,RGBA,transparent,100,"0.5,0.5",FullRect,Bilinear,Clamp,false,derive-from-accepted-importer,2048,W10_ui,1920x1080,UI,5,n/a,finale set-piece overlay,Memory Cues compatible; 6-colour distinct,ChatGPT + deterministic postprocess,W10-FINALE,true,celebratory; child-safe; no new mechanic implied,SPEC-ONLY
W10-gem,W10,UI,gem,Rainbow Tower Castle World Gem trophy,P2,Rainbow Tower Castle World Gem trophy,Assets/_JebbyJump/Art/Worlds/W10_RainbowTowerCastle/UI,world_gem_rainbowtowercastle_01.png,PNG,256,256,256,256,RGBA,transparent,100,"0.5,0.5",FullRect,Bilinear,Clamp,false,derive-from-accepted-importer,2048,W10_ui,256,UI,0,n/a,non-spendable trophy icon,Memory Cues compatible; 6-colour distinct,ChatGPT + deterministic postprocess,W10-GEM,true,collection marker; not currency,SPEC-ONLY
W10-cosmetic,W10,UI,cosmetic,Rainbow Tower Castle cosmetic reward art,P2,Rainbow Tower Castle cosmetic reward art,Assets/_JebbyJump/Art/Worlds/W10_RainbowTowerCastle/UI,cosmetic_rainbowtowercastle_01.png,PNG,512,512,512,512,RGBA,transparent,100,"0.5,0.5",FullRect,Bilinear,Clamp,false,derive-from-accepted-importer,2048,W10_ui,512,UI,0,n/a,themed wardrobe unlock preview,Memory Cues compatible; 6-colour distinct,ChatGPT + deterministic postprocess,W10-COSM,true,wardrobe-preview compatible,SPEC-ONLY
W10-badge,W10,UI,badge,Rainbow Tower Castle world badge,P2,Rainbow Tower Castle world badge,Assets/_JebbyJump/Art/Worlds/W10_RainbowTowerCastle/UI,world_badge_rainbowtowercastle_01.png,PNG,192,192,192,192,RGBA,transparent,100,"0.5,0.5",FullRect,Bilinear,Clamp,false,derive-from-accepted-importer,2048,W10_ui,192,UI,1,n/a,level-select world card badge,Memory Cues compatible; 6-colour distinct,ChatGPT + deterministic postprocess,W10-BADGE,true,locked/completed/finale states,SPEC-ONLY
