asset_id,current_path,filename,extension,category,subcategory,file_size_bytes,sha256,width_px,height_px,colour_mode,bit_depth,has_alpha,alpha_usage,transparent_corner_result,nontransparent_bounds_px,transparent_padding_left_px,transparent_padding_right_px,transparent_padding_top_px,transparent_padding_bottom_px,unity_guid,importer_type,texture_type,sprite_mode,pixels_per_unit,pivot_normalized,pivot_pixels,mesh_type,sprite_border,filter_mode,wrap_mode,mipmaps,alpha_is_transparency,sRGB,max_texture_size,compression,platform_overrides,atlas_membership,referenced_by_count,referenced_by,runtime_observed,visual_status,production_status,style_consistency,licence_status,source_file_status,recommended_action,evidence,confidence
EXIST-001,Assets/TextMesh Pro/Fonts/LiberationSans.ttf,LiberationSans.ttf,.ttf,typography,TMP default font,350200,e5b0af421ea2bfbc1ac8d251d647268087ae82786234c57f757d1f0b90fa8b49,,,,,,,,,,,,,e3265ab4bf004d28a9537516768c1c75,TrueTypeFontImporter,,,,,,,,,,,,,,,none-detected,none (no SpriteAtlas assets in project),2,Assets/TextMesh Pro/Resources/Fonts & Materials/LiberationSans SDF - Fallback.asset;Assets/TextMesh Pro/Resources/Fonts & Materials/LiberationSans SDF.asset,yes,PRODUCTION_ACCEPTABLE,functional; generic,generic sans; below premium-indie wordmark bar for title,SIL OFL (licence file present alongside),ttf is source,keep for body/numerals; add display/wordmark treatment (see missing-art manifest),LiberationSans - OFL.txt sibling; digits verified by release preflight,high
EXIST-002,Assets/_JebbyJump/Art/Characters/Jebby/Outfits/AquaKnight/Sprites/spr_jebby_aqua_knight_fall_01.png,spr_jebby_aqua_knight_fall_01.png,.png,character,outfit variant set,893209,3693415ba9599d84bbb9f914c58ecbf0a662c55112ad35e088de52e97aa58fdf,1122,1402,RGBA,32,True,soft,PASS,x29 y179 w1016 h1047,29,77,179,176,7dc9532af9680df46a2c2612e583a1de,TextureImporter,8,1,100,"(0.5, 0)","(561, 0)",1,L0 B0 R0 T0,1,1,0,1,1,2048,1,yes,none (no SpriteAtlas assets in project),2,Assets/_JebbyJump/Art/Characters/Jebby/Outfits/WardrobePreviewLibrary.asset;Assets/_JebbyJump/Art/Characters/Jebby/Outfits/AquaKnight/Animations/anim_jebby_aqua_knight_fall.anim,wardrobe thumbnails/preview only,PROTOTYPE,launch-usable; not final-art-certified,palette transfer of locked default poses; per-outfit theming minimal,user-supplied AI palette transfer; provenance/licence record MISSING,no editable source in repo,per-outfit rendered QA + final-art certification; record provenance,Roadmap P13B PROTOTYPE note; pixel-diff vs default 2.5-9.4/255 (FILE-MEASURED 2026-07-14),high
EXIST-003,Assets/_JebbyJump/Art/Characters/Jebby/Outfits/AquaKnight/Sprites/spr_jebby_aqua_knight_hurt_01.png,spr_jebby_aqua_knight_hurt_01.png,.png,character,outfit variant set,934584,39e8890ca8ae847e78f6367a8d28f55924a2f44a53de589a61f286e1d63259f2,1122,1402,RGBA,32,True,soft,PASS,x184 y115 w741 h1118,184,197,115,169,318309ddf91e57a48aeb140ee969cebc,TextureImporter,8,1,100,"(0.5, 0)","(561, 0)",1,L0 B0 R0 T0,1,1,0,1,1,2048,1,yes,none (no SpriteAtlas assets in project),2,Assets/_JebbyJump/Art/Characters/Jebby/Outfits/WardrobePreviewLibrary.asset;Assets/_JebbyJump/Art/Characters/Jebby/Outfits/AquaKnight/Animations/anim_jebby_aqua_knight_hurt.anim,wardrobe thumbnails/preview only,PROTOTYPE,launch-usable; not final-art-certified,palette transfer of locked default poses; per-outfit theming minimal,user-supplied AI palette transfer; provenance/licence record MISSING,no editable source in repo,per-outfit rendered QA + final-art certification; record provenance,Roadmap P13B PROTOTYPE note; pixel-diff vs default 2.5-9.4/255 (FILE-MEASURED 2026-07-14),high
EXIST-004,Assets/_JebbyJump/Art/Characters/Jebby/Outfits/AquaKnight/Sprites/spr_jebby_aqua_knight_idle_01.png,spr_jebby_aqua_knight_idle_01.png,.png,character,outfit variant set,1005127,fa400e28bc98fd04a30a8dc995b648abbc3790bf472d25174aaa63df36f99c22,1122,1402,RGBA,32,True,soft,PASS,x162 y93 w783 h1203,162,177,93,106,5923c02e2aad76b478303f4e9eb274c3,TextureImporter,8,1,100,"(0.5, 0)","(561, 0)",1,L0 B0 R0 T0,1,1,0,1,1,2048,1,yes,none (no SpriteAtlas assets in project),2,Assets/_JebbyJump/Art/Characters/Jebby/Outfits/WardrobePreviewLibrary.asset;Assets/_JebbyJump/Art/Characters/Jebby/Outfits/AquaKnight/Animations/anim_jebby_aqua_knight_idle.anim,wardrobe thumbnails/preview only,PROTOTYPE,launch-usable; not final-art-certified,palette transfer of locked default poses; per-outfit theming minimal,user-supplied AI palette transfer; provenance/licence record MISSING,no editable source in repo,per-outfit rendered QA + final-art certification; record provenance,Roadmap P13B PROTOTYPE note; pixel-diff vs default 2.5-9.4/255 (FILE-MEASURED 2026-07-14),high
EXIST-005,Assets/_JebbyJump/Art/Characters/Jebby/Outfits/AquaKnight/Sprites/spr_jebby_aqua_knight_jump_01.png,spr_jebby_aqua_knight_jump_01.png,.png,character,outfit variant set,1023648,3149c7d43300dc699a251111600762ca7a15168cb01f032a7df98856ebdf1c60,1122,1402,RGBA,32,True,soft,PASS,x94 y43 w933 h1268,94,95,43,91,7115ae80945d35247acdc157ac9e797c,TextureImporter,8,1,100,"(0.5, 0)","(561, 0)",1,L0 B0 R0 T0,1,1,0,1,1,2048,1,yes,none (no SpriteAtlas assets in project),2,Assets/_JebbyJump/Art/Characters/Jebby/Outfits/WardrobePreviewLibrary.asset;Assets/_JebbyJump/Art/Characters/Jebby/Outfits/AquaKnight/Animations/anim_jebby_aqua_knight_jump.anim,wardrobe thumbnails/preview only,PROTOTYPE,launch-usable; not final-art-certified,palette transfer of locked default poses; per-outfit theming minimal,user-supplied AI palette transfer; provenance/licence record MISSING,no editable source in repo,per-outfit rendered QA + final-art certification; record provenance,Roadmap P13B PROTOTYPE note; pixel-diff vs default 2.5-9.4/255 (FILE-MEASURED 2026-07-14),high
EXIST-006,Assets/_JebbyJump/Art/Characters/Jebby/Outfits/AquaKnight/Sprites/spr_jebby_aqua_knight_land_01.png,spr_jebby_aqua_knight_land_01.png,.png,character,outfit variant set,1040470,b2ba3f559b003ac6dd6c5de52f58e6daf00c88fccafe04fe50c5256a93042baf,1122,1402,RGBA,32,True,soft,PASS,x83 y219 w947 h1125,83,92,219,58,9fddd94a908e5ca4e9dee9de5b3aac24,TextureImporter,8,1,100,"(0.5, 0)","(561, 0)",1,L0 B0 R0 T0,1,1,0,1,1,2048,1,yes,none (no SpriteAtlas assets in project),2,Assets/_JebbyJump/Art/Characters/Jebby/Outfits/WardrobePreviewLibrary.asset;Assets/_JebbyJump/Art/Characters/Jebby/Outfits/AquaKnight/Animations/anim_jebby_aqua_knight_land.anim,wardrobe thumbnails/preview only,PROTOTYPE,launch-usable; not final-art-certified,palette transfer of locked default poses; per-outfit theming minimal,user-supplied AI palette transfer; provenance/licence record MISSING,no editable source in repo,per-outfit rendered QA + final-art certification; record provenance,Roadmap P13B PROTOTYPE note; pixel-diff vs default 2.5-9.4/255 (FILE-MEASURED 2026-07-14),high
EXIST-007,Assets/_JebbyJump/Art/Characters/Jebby/Outfits/AquaKnight/Sprites/spr_jebby_aqua_knight_run_01.png,spr_jebby_aqua_knight_run_01.png,.png,character,outfit variant set,795338,e900e5fc92d3c08c37819f17af69d4ee558010364a425d4c401c228efc3eec3c,1122,1402,RGBA,32,True,soft,PASS,x86 y171 w868 h1002,86,168,171,229,9d68e6df7fc74304880f64cede7b6599,TextureImporter,8,1,100,"(0.5, 0)","(561, 0)",1,L0 B0 R0 T0,1,1,0,1,1,2048,1,yes,none (no SpriteAtlas assets in project),2,Assets/_JebbyJump/Art/Characters/Jebby/Outfits/WardrobePreviewLibrary.asset;Assets/_JebbyJump/Art/Characters/Jebby/Outfits/AquaKnight/Animations/anim_jebby_aqua_knight_run.anim,wardrobe thumbnails/preview only,PROTOTYPE,launch-usable; not final-art-certified,palette transfer of locked default poses; per-outfit theming minimal,user-supplied AI palette transfer; provenance/licence record MISSING,no editable source in repo,per-outfit rendered QA + final-art certification; record provenance,Roadmap P13B PROTOTYPE note; pixel-diff vs default 2.5-9.4/255 (FILE-MEASURED 2026-07-14),high
EXIST-008,Assets/_JebbyJump/Art/Characters/Jebby/Outfits/AquaKnight/Sprites/spr_jebby_aqua_knight_victory_01.png,spr_jebby_aqua_knight_victory_01.png,.png,character,outfit variant set,1057054,411293729bc0851945a90c6bb83e3227497f06ef4988dcc9128347fef0067ce3,1122,1402,RGBA,32,True,soft,PASS,x96 y54 w929 h1242,96,97,54,106,33d7bf140bc30ce4585f252c6325d682,TextureImporter,8,1,100,"(0.5, 0)","(561, 0)",1,L0 B0 R0 T0,1,1,0,1,1,2048,1,yes,none (no SpriteAtlas assets in project),2,Assets/_JebbyJump/Art/Characters/Jebby/Outfits/WardrobePreviewLibrary.asset;Assets/_JebbyJump/Art/Characters/Jebby/Outfits/AquaKnight/Animations/anim_jebby_aqua_knight_victory.anim,wardrobe thumbnails/preview only,PROTOTYPE,launch-usable; not final-art-certified,palette transfer of locked default poses; per-outfit theming minimal,user-supplied AI palette transfer; provenance/licence record MISSING,no editable source in repo,per-outfit rendered QA + final-art certification; record provenance,Roadmap P13B PROTOTYPE note; pixel-diff vs default 2.5-9.4/255 (FILE-MEASURED 2026-07-14),high
EXIST-009,Assets/_JebbyJump/Art/Characters/Jebby/Outfits/CrimsonHero/Sprites/spr_jebby_crimson_hero_fall_01.png,spr_jebby_crimson_hero_fall_01.png,.png,character,outfit variant set,886383,ce5cb1a091f7f3228805b3c854fba016919d1e484d1b8f7f0416385771945be2,1122,1402,RGBA,32,True,soft,PASS,x29 y179 w1016 h1047,29,77,179,176,607174a2a2324764bb7830dcd3856e4d,TextureImporter,8,1,100,"(0.5, 0)","(561, 0)",1,L0 B0 R0 T0,1,1,0,1,1,2048,1,yes,none (no SpriteAtlas assets in project),2,Assets/_JebbyJump/Art/Characters/Jebby/Outfits/WardrobePreviewLibrary.asset;Assets/_JebbyJump/Art/Characters/Jebby/Outfits/CrimsonHero/Animations/anim_jebby_crimson_hero_fall.anim,wardrobe thumbnails/preview only,PROTOTYPE,launch-usable; not final-art-certified,palette transfer of locked default poses; per-outfit theming minimal,user-supplied AI palette transfer; provenance/licence record MISSING,no editable source in repo,per-outfit rendered QA + final-art certification; record provenance,Roadmap P13B PROTOTYPE note; pixel-diff vs default 2.5-9.4/255 (FILE-MEASURED 2026-07-14),high
EXIST-010,Assets/_JebbyJump/Art/Characters/Jebby/Outfits/CrimsonHero/Sprites/spr_jebby_crimson_hero_hurt_01.png,spr_jebby_crimson_hero_hurt_01.png,.png,character,outfit variant set,929192,04a331bea3318e80274ce59321af79094d881b45cade70ccdb810e87285b786e,1122,1402,RGBA,32,True,soft,PASS,x184 y115 w741 h1118,184,197,115,169,31192310955e81b4c8fd0f1039cd7594,TextureImporter,8,1,100,"(0.5, 0)","(561, 0)",1,L0 B0 R0 T0,1,1,0,1,1,2048,1,yes,none (no SpriteAtlas assets in project),2,Assets/_JebbyJump/Art/Characters/Jebby/Outfits/WardrobePreviewLibrary.asset;Assets/_JebbyJump/Art/Characters/Jebby/Outfits/CrimsonHero/Animations/anim_jebby_crimson_hero_hurt.anim,wardrobe thumbnails/preview only,PROTOTYPE,launch-usable; not final-art-certified,palette transfer of locked default poses; per-outfit theming minimal,user-supplied AI palette transfer; provenance/licence record MISSING,no editable source in repo,per-outfit rendered QA + final-art certification; record provenance,Roadmap P13B PROTOTYPE note; pixel-diff vs default 2.5-9.4/255 (FILE-MEASURED 2026-07-14),high
EXIST-011,Assets/_JebbyJump/Art/Characters/Jebby/Outfits/CrimsonHero/Sprites/spr_jebby_crimson_hero_idle_01.png,spr_jebby_crimson_hero_idle_01.png,.png,character,outfit variant set,998714,5ac4b67d1054c63626ec74d7740a74ba070d63ee093366852eb770cef6390873,1122,1402,RGBA,32,True,soft,PASS,x162 y93 w783 h1203,162,177,93,106,e122c578e2bf58145a2b5f86b7ee9321,TextureImporter,8,1,100,"(0.5, 0)","(561, 0)",1,L0 B0 R0 T0,1,1,0,1,1,2048,1,yes,none (no SpriteAtlas assets in project),2,Assets/_JebbyJump/Art/Characters/Jebby/Outfits/WardrobePreviewLibrary.asset;Assets/_JebbyJump/Art/Characters/Jebby/Outfits/CrimsonHero/Animations/anim_jebby_crimson_hero_idle.anim,wardrobe thumbnails/preview only,PROTOTYPE,launch-usable; not final-art-certified,palette transfer of locked default poses; per-outfit theming minimal,user-supplied AI palette transfer; provenance/licence record MISSING,no editable source in repo,per-outfit rendered QA + final-art certification; record provenance,Roadmap P13B PROTOTYPE note; pixel-diff vs default 2.5-9.4/255 (FILE-MEASURED 2026-07-14),high
EXIST-012,Assets/_JebbyJump/Art/Characters/Jebby/Outfits/CrimsonHero/Sprites/spr_jebby_crimson_hero_jump_01.png,spr_jebby_crimson_hero_jump_01.png,.png,character,outfit variant set,1019258,c70cebe040cd168e65f61c33ef15cefe0ddfc4a6fe6b7ce68065db6e2acfb50b,1122,1402,RGBA,32,True,soft,PASS,x94 y43 w933 h1268,94,95,43,91,096bc9f5ce9c1604ebaf6473d595c49f,TextureImporter,8,1,100,"(0.5, 0)","(561, 0)",1,L0 B0 R0 T0,1,1,0,1,1,2048,1,yes,none (no SpriteAtlas assets in project),2,Assets/_JebbyJump/Art/Characters/Jebby/Outfits/WardrobePreviewLibrary.asset;Assets/_JebbyJump/Art/Characters/Jebby/Outfits/CrimsonHero/Animations/anim_jebby_crimson_hero_jump.anim,wardrobe thumbnails/preview only,PROTOTYPE,launch-usable; not final-art-certified,palette transfer of locked default poses; per-outfit theming minimal,user-supplied AI palette transfer; provenance/licence record MISSING,no editable source in repo,per-outfit rendered QA + final-art certification; record provenance,Roadmap P13B PROTOTYPE note; pixel-diff vs default 2.5-9.4/255 (FILE-MEASURED 2026-07-14),high
EXIST-013,Assets/_JebbyJump/Art/Characters/Jebby/Outfits/CrimsonHero/Sprites/spr_jebby_crimson_hero_land_01.png,spr_jebby_crimson_hero_land_01.png,.png,character,outfit variant set,1035789,e37c3e2bdf3913886cc61e78d84274a9771586465f27fe66345682a3142f1fbf,1122,1402,RGBA,32,True,soft,PASS,x83 y219 w947 h1125,83,92,219,58,18b760dfb4167f24d81b5be4411073e6,TextureImporter,8,1,100,"(0.5, 0)","(561, 0)",1,L0 B0 R0 T0,1,1,0,1,1,2048,1,yes,none (no SpriteAtlas assets in project),2,Assets/_JebbyJump/Art/Characters/Jebby/Outfits/WardrobePreviewLibrary.asset;Assets/_JebbyJump/Art/Characters/Jebby/Outfits/CrimsonHero/Animations/anim_jebby_crimson_hero_land.anim,wardrobe thumbnails/preview only,PROTOTYPE,launch-usable; not final-art-certified,palette transfer of locked default poses; per-outfit theming minimal,user-supplied AI palette transfer; provenance/licence record MISSING,no editable source in repo,per-outfit rendered QA + final-art certification; record provenance,Roadmap P13B PROTOTYPE note; pixel-diff vs default 2.5-9.4/255 (FILE-MEASURED 2026-07-14),high
EXIST-014,Assets/_JebbyJump/Art/Characters/Jebby/Outfits/CrimsonHero/Sprites/spr_jebby_crimson_hero_run_01.png,spr_jebby_crimson_hero_run_01.png,.png,character,outfit variant set,790145,19b916a695c10323644a7e19abc18163caab4c678f0aa0334d53ad4b87e04bc2,1122,1402,RGBA,32,True,soft,PASS,x86 y171 w868 h1002,86,168,171,229,3c3d3d3264877ec479cd24aa5f892b36,TextureImporter,8,1,100,"(0.5, 0)","(561, 0)",1,L0 B0 R0 T0,1,1,0,1,1,2048,1,yes,none (no SpriteAtlas assets in project),2,Assets/_JebbyJump/Art/Characters/Jebby/Outfits/WardrobePreviewLibrary.asset;Assets/_JebbyJump/Art/Characters/Jebby/Outfits/CrimsonHero/Animations/anim_jebby_crimson_hero_run.anim,wardrobe thumbnails/preview only,PROTOTYPE,launch-usable; not final-art-certified,palette transfer of locked default poses; per-outfit theming minimal,user-supplied AI palette transfer; provenance/licence record MISSING,no editable source in repo,per-outfit rendered QA + final-art certification; record provenance,Roadmap P13B PROTOTYPE note; pixel-diff vs default 2.5-9.4/255 (FILE-MEASURED 2026-07-14),high
EXIST-015,Assets/_JebbyJump/Art/Characters/Jebby/Outfits/CrimsonHero/Sprites/spr_jebby_crimson_hero_victory_01.png,spr_jebby_crimson_hero_victory_01.png,.png,character,outfit variant set,1048835,e9c5632cedf4d7bc311eaf0163b7b6ec6c022d5f6e8c9a5a78c1c14af8349cbe,1122,1402,RGBA,32,True,soft,PASS,x96 y54 w929 h1242,96,97,54,106,29d91bcacfd23cb41a1dce2f8bef8aed,TextureImporter,8,1,100,"(0.5, 0)","(561, 0)",1,L0 B0 R0 T0,1,1,0,1,1,2048,1,yes,none (no SpriteAtlas assets in project),2,Assets/_JebbyJump/Art/Characters/Jebby/Outfits/WardrobePreviewLibrary.asset;Assets/_JebbyJump/Art/Characters/Jebby/Outfits/CrimsonHero/Animations/anim_jebby_crimson_hero_victory.anim,wardrobe thumbnails/preview only,PROTOTYPE,launch-usable; not final-art-certified,palette transfer of locked default poses; per-outfit theming minimal,user-supplied AI palette transfer; provenance/licence record MISSING,no editable source in repo,per-outfit rendered QA + final-art certification; record provenance,Roadmap P13B PROTOTYPE note; pixel-diff vs default 2.5-9.4/255 (FILE-MEASURED 2026-07-14),high
EXIST-016,Assets/_JebbyJump/Art/Characters/Jebby/Outfits/ForestCavalier/Sprites/spr_jebby_forest_cavalier_fall_01.png,spr_jebby_forest_cavalier_fall_01.png,.png,character,outfit variant set,890121,e99b051d419ba9f7ab2c204ca15b586b04ff149f0ebb600d5c47aff011cef1a9,1122,1402,RGBA,32,True,soft,PASS,x29 y179 w1016 h1047,29,77,179,176,ce048b5e654f56c4dae34ce982d94c9e,TextureImporter,8,1,100,"(0.5, 0)","(561, 0)",1,L0 B0 R0 T0,1,1,0,1,1,2048,1,yes,none (no SpriteAtlas assets in project),2,Assets/_JebbyJump/Art/Characters/Jebby/Outfits/WardrobePreviewLibrary.asset;Assets/_JebbyJump/Art/Characters/Jebby/Outfits/ForestCavalier/Animations/anim_jebby_forest_cavalier_fall.anim,wardrobe thumbnails/preview only,PROTOTYPE,launch-usable; not final-art-certified,palette transfer of locked default poses; per-outfit theming minimal,user-supplied AI palette transfer; provenance/licence record MISSING,no editable source in repo,per-outfit rendered QA + final-art certification; record provenance,Roadmap P13B PROTOTYPE note; pixel-diff vs default 2.5-9.4/255 (FILE-MEASURED 2026-07-14),high
EXIST-017,Assets/_JebbyJump/Art/Characters/Jebby/Outfits/ForestCavalier/Sprites/spr_jebby_forest_cavalier_hurt_01.png,spr_jebby_forest_cavalier_hurt_01.png,.png,character,outfit variant set,931547,f5afbab77b04b0d0229ff54a0fdb6f23079f6078b9c14f40b7ccc1a29124def9,1122,1402,RGBA,32,True,soft,PASS,x184 y115 w741 h1118,184,197,115,169,b8a320755f511ca419b45387206b0c61,TextureImporter,8,1,100,"(0.5, 0)","(561, 0)",1,L0 B0 R0 T0,1,1,0,1,1,2048,1,yes,none (no SpriteAtlas assets in project),2,Assets/_JebbyJump/Art/Characters/Jebby/Outfits/WardrobePreviewLibrary.asset;Assets/_JebbyJump/Art/Characters/Jebby/Outfits/ForestCavalier/Animations/anim_jebby_forest_cavalier_hurt.anim,wardrobe thumbnails/preview only,PROTOTYPE,launch-usable; not final-art-certified,palette transfer of locked default poses; per-outfit theming minimal,user-supplied AI palette transfer; provenance/licence record MISSING,no editable source in repo,per-outfit rendered QA + final-art certification; record provenance,Roadmap P13B PROTOTYPE note; pixel-diff vs default 2.5-9.4/255 (FILE-MEASURED 2026-07-14),high
EXIST-018,Assets/_JebbyJump/Art/Characters/Jebby/Outfits/ForestCavalier/Sprites/spr_jebby_forest_cavalier_idle_01.png,spr_jebby_forest_cavalier_idle_01.png,.png,character,outfit variant set,1000713,453edaa0b67e111e297764033c32ce88d9265205b4bf08ad83694b58401a2d3f,1122,1402,RGBA,32,True,soft,PASS,x162 y93 w783 h1203,162,177,93,106,ab02459aaf55f5c43a290e4e11a05f70,TextureImporter,8,1,100,"(0.5, 0)","(561, 0)",1,L0 B0 R0 T0,1,1,0,1,1,2048,1,yes,none (no SpriteAtlas assets in project),2,Assets/_JebbyJump/Art/Characters/Jebby/Outfits/WardrobePreviewLibrary.asset;Assets/_JebbyJump/Art/Characters/Jebby/Outfits/ForestCavalier/Animations/anim_jebby_forest_cavalier_idle.anim,wardrobe thumbnails/preview only,PROTOTYPE,launch-usable; not final-art-certified,palette transfer of locked default poses; per-outfit theming minimal,user-supplied AI palette transfer; provenance/licence record MISSING,no editable source in repo,per-outfit rendered QA + final-art certification; record provenance,Roadmap P13B PROTOTYPE note; pixel-diff vs default 2.5-9.4/255 (FILE-MEASURED 2026-07-14),high
EXIST-019,Assets/_JebbyJump/Art/Characters/Jebby/Outfits/ForestCavalier/Sprites/spr_jebby_forest_cavalier_jump_01.png,spr_jebby_forest_cavalier_jump_01.png,.png,character,outfit variant set,1020310,900751d192a8bcc3a21d4b0e770e830930a17a0993b3dddf6c4a3509cc44227c,1122,1402,RGBA,32,True,soft,PASS,x94 y43 w933 h1268,94,95,43,91,2891919b78770444abae07804f7ef889,TextureImporter,8,1,100,"(0.5, 0)","(561, 0)",1,L0 B0 R0 T0,1,1,0,1,1,2048,1,yes,none (no SpriteAtlas assets in project),2,Assets/_JebbyJump/Art/Characters/Jebby/Outfits/WardrobePreviewLibrary.asset;Assets/_JebbyJump/Art/Characters/Jebby/Outfits/ForestCavalier/Animations/anim_jebby_forest_cavalier_jump.anim,wardrobe thumbnails/preview only,PROTOTYPE,launch-usable; not final-art-certified,palette transfer of locked default poses; per-outfit theming minimal,user-supplied AI palette transfer; provenance/licence record MISSING,no editable source in repo,per-outfit rendered QA + final-art certification; record provenance,Roadmap P13B PROTOTYPE note; pixel-diff vs default 2.5-9.4/255 (FILE-MEASURED 2026-07-14),high
EXIST-020,Assets/_JebbyJump/Art/Characters/Jebby/Outfits/ForestCavalier/Sprites/spr_jebby_forest_cavalier_land_01.png,spr_jebby_forest_cavalier_land_01.png,.png,character,outfit variant set,1037440,4ea2fc93c60181a343f7ed864f66fbf884b759d8caf058a3bf33b95f78f1538d,1122,1402,RGBA,32,True,soft,PASS,x83 y219 w947 h1125,83,92,219,58,817b729adb80b4f47b52d40ca4a05b6c,TextureImporter,8,1,100,"(0.5, 0)","(561, 0)",1,L0 B0 R0 T0,1,1,0,1,1,2048,1,yes,none (no SpriteAtlas assets in project),2,Assets/_JebbyJump/Art/Characters/Jebby/Outfits/WardrobePreviewLibrary.asset;Assets/_JebbyJump/Art/Characters/Jebby/Outfits/ForestCavalier/Animations/anim_jebby_forest_cavalier_land.anim,wardrobe thumbnails/preview only,PROTOTYPE,launch-usable; not final-art-certified,palette transfer of locked default poses; per-outfit theming minimal,user-supplied AI palette transfer; provenance/licence record MISSING,no editable source in repo,per-outfit rendered QA + final-art certification; record provenance,Roadmap P13B PROTOTYPE note; pixel-diff vs default 2.5-9.4/255 (FILE-MEASURED 2026-07-14),high
EXIST-021,Assets/_JebbyJump/Art/Characters/Jebby/Outfits/ForestCavalier/Sprites/spr_jebby_forest_cavalier_run_01.png,spr_jebby_forest_cavalier_run_01.png,.png,character,outfit variant set,792855,360a46492302c3248bbb9b49288a35f1c3c78a8197437c4032365d5153124f87,1122,1402,RGBA,32,True,soft,PASS,x86 y171 w868 h1002,86,168,171,229,61dfba57197dfb642b2edbf0c1850a08,TextureImporter,8,1,100,"(0.5, 0)","(561, 0)",1,L0 B0 R0 T0,1,1,0,1,1,2048,1,yes,none (no SpriteAtlas assets in project),2,Assets/_JebbyJump/Art/Characters/Jebby/Outfits/WardrobePreviewLibrary.asset;Assets/_JebbyJump/Art/Characters/Jebby/Outfits/ForestCavalier/Animations/anim_jebby_forest_cavalier_run.anim,wardrobe thumbnails/preview only,PROTOTYPE,launch-usable; not final-art-certified,palette transfer of locked default poses; per-outfit theming minimal,user-supplied AI palette transfer; provenance/licence record MISSING,no editable source in repo,per-outfit rendered QA + final-art certification; record provenance,Roadmap P13B PROTOTYPE note; pixel-diff vs default 2.5-9.4/255 (FILE-MEASURED 2026-07-14),high
EXIST-022,Assets/_JebbyJump/Art/Characters/Jebby/Outfits/ForestCavalier/Sprites/spr_jebby_forest_cavalier_victory_01.png,spr_jebby_forest_cavalier_victory_01.png,.png,character,outfit variant set,1053942,7a75be1ad615b8555f7dc9d9574a0009ed01f5feb86aa2a1b00983a6db2e1137,1122,1402,RGBA,32,True,soft,PASS,x96 y54 w929 h1242,96,97,54,106,86ab09bd0b455224e8964fded7a96e2c,TextureImporter,8,1,100,"(0.5, 0)","(561, 0)",1,L0 B0 R0 T0,1,1,0,1,1,2048,1,yes,none (no SpriteAtlas assets in project),2,Assets/_JebbyJump/Art/Characters/Jebby/Outfits/WardrobePreviewLibrary.asset;Assets/_JebbyJump/Art/Characters/Jebby/Outfits/ForestCavalier/Animations/anim_jebby_forest_cavalier_victory.anim,wardrobe thumbnails/preview only,PROTOTYPE,launch-usable; not final-art-certified,palette transfer of locked default poses; per-outfit theming minimal,user-supplied AI palette transfer; provenance/licence record MISSING,no editable source in repo,per-outfit rendered QA + final-art certification; record provenance,Roadmap P13B PROTOTYPE note; pixel-diff vs default 2.5-9.4/255 (FILE-MEASURED 2026-07-14),high
EXIST-023,Assets/_JebbyJump/Art/Characters/Jebby/Outfits/PastelPrince/Sprites/spr_jebby_pastel_prince_fall_01.png,spr_jebby_pastel_prince_fall_01.png,.png,character,outfit variant set,902190,7eea50cd7df27b8d469cdf7052950e7f00b8f8ee3aabb40b7014cda2117dd2f3,1122,1402,RGBA,32,True,soft,PASS,x29 y179 w1016 h1047,29,77,179,176,8162203564c3b9f4987db69a9acd2a67,TextureImporter,8,1,100,"(0.5, 0)","(561, 0)",1,L0 B0 R0 T0,1,1,0,1,1,2048,1,yes,none (no SpriteAtlas assets in project),2,Assets/_JebbyJump/Art/Characters/Jebby/Outfits/WardrobePreviewLibrary.asset;Assets/_JebbyJump/Art/Characters/Jebby/Outfits/PastelPrince/Animations/anim_jebby_pastel_prince_fall.anim,wardrobe thumbnails/preview only,PROTOTYPE,launch-usable; not final-art-certified,palette transfer of locked default poses; per-outfit theming minimal,user-supplied AI palette transfer; provenance/licence record MISSING,no editable source in repo,per-outfit rendered QA + final-art certification; record provenance,Roadmap P13B PROTOTYPE note; pixel-diff vs default 2.5-9.4/255 (FILE-MEASURED 2026-07-14),high
EXIST-024,Assets/_JebbyJump/Art/Characters/Jebby/Outfits/PastelPrince/Sprites/spr_jebby_pastel_prince_hurt_01.png,spr_jebby_pastel_prince_hurt_01.png,.png,character,outfit variant set,939662,a9749c9956158c877e09b90979e28ddcf334522c8658897e59b3999065e3d857,1122,1402,RGBA,32,True,soft,PASS,x184 y115 w741 h1118,184,197,115,169,901c95dd7aee9d34fbcffc6015a7b00c,TextureImporter,8,1,100,"(0.5, 0)","(561, 0)",1,L0 B0 R0 T0,1,1,0,1,1,2048,1,yes,none (no SpriteAtlas assets in project),2,Assets/_JebbyJump/Art/Characters/Jebby/Outfits/WardrobePreviewLibrary.asset;Assets/_JebbyJump/Art/Characters/Jebby/Outfits/PastelPrince/Animations/anim_jebby_pastel_prince_hurt.anim,wardrobe thumbnails/preview only,PROTOTYPE,launch-usable; not final-art-certified,palette transfer of locked default poses; per-outfit theming minimal,user-supplied AI palette transfer; provenance/licence record MISSING,no editable source in repo,per-outfit rendered QA + final-art certification; record provenance,Roadmap P13B PROTOTYPE note; pixel-diff vs default 2.5-9.4/255 (FILE-MEASURED 2026-07-14),high
EXIST-025,Assets/_JebbyJump/Art/Characters/Jebby/Outfits/PastelPrince/Sprites/spr_jebby_pastel_prince_idle_01.png,spr_jebby_pastel_prince_idle_01.png,.png,character,outfit variant set,1010987,ed9ec8d7a9fd94ec608b92b32bb8fc15b5910e894ef70bb48c94ca3a0caa8088,1122,1402,RGBA,32,True,soft,PASS,x162 y93 w783 h1203,162,177,93,106,660b0d0824989c049be3fe3106c0df28,TextureImporter,8,1,100,"(0.5, 0)","(561, 0)",1,L0 B0 R0 T0,1,1,0,1,1,2048,1,yes,none (no SpriteAtlas assets in project),2,Assets/_JebbyJump/Art/Characters/Jebby/Outfits/WardrobePreviewLibrary.asset;Assets/_JebbyJump/Art/Characters/Jebby/Outfits/PastelPrince/Animations/anim_jebby_pastel_prince_idle.anim,wardrobe thumbnails/preview only,PROTOTYPE,launch-usable; not final-art-certified,palette transfer of locked default poses; per-outfit theming minimal,user-supplied AI palette transfer; provenance/licence record MISSING,no editable source in repo,per-outfit rendered QA + final-art certification; record provenance,Roadmap P13B PROTOTYPE note; pixel-diff vs default 2.5-9.4/255 (FILE-MEASURED 2026-07-14),high
EXIST-026,Assets/_JebbyJump/Art/Characters/Jebby/Outfits/PastelPrince/Sprites/spr_jebby_pastel_prince_jump_01.png,spr_jebby_pastel_prince_jump_01.png,.png,character,outfit variant set,1030068,5237b0ff62024c83188589ca55f942be8dcba3c003a1aad5212a0f1d4428a277,1122,1402,RGBA,32,True,soft,PASS,x94 y43 w933 h1268,94,95,43,91,3740b3e5e99051a41b1195aed3bec258,TextureImporter,8,1,100,"(0.5, 0)","(561, 0)",1,L0 B0 R0 T0,1,1,0,1,1,2048,1,yes,none (no SpriteAtlas assets in project),2,Assets/_JebbyJump/Art/Characters/Jebby/Outfits/WardrobePreviewLibrary.asset;Assets/_JebbyJump/Art/Characters/Jebby/Outfits/PastelPrince/Animations/anim_jebby_pastel_prince_jump.anim,wardrobe thumbnails/preview only,PROTOTYPE,launch-usable; not final-art-certified,palette transfer of locked default poses; per-outfit theming minimal,user-supplied AI palette transfer; provenance/licence record MISSING,no editable source in repo,per-outfit rendered QA + final-art certification; record provenance,Roadmap P13B PROTOTYPE note; pixel-diff vs default 2.5-9.4/255 (FILE-MEASURED 2026-07-14),high
EXIST-027,Assets/_JebbyJump/Art/Characters/Jebby/Outfits/PastelPrince/Sprites/spr_jebby_pastel_prince_land_01.png,spr_jebby_pastel_prince_land_01.png,.png,character,outfit variant set,1048978,bae489221f9af09b184c2bba1677bb1f705c17c826b593d90d19217ab64a5532,1122,1402,RGBA,32,True,soft,PASS,x83 y219 w947 h1125,83,92,219,58,70a1b8366263dbd4caa91e77387fad14,TextureImporter,8,1,100,"(0.5, 0)","(561, 0)",1,L0 B0 R0 T0,1,1,0,1,1,2048,1,yes,none (no SpriteAtlas assets in project),2,Assets/_JebbyJump/Art/Characters/Jebby/Outfits/WardrobePreviewLibrary.asset;Assets/_JebbyJump/Art/Characters/Jebby/Outfits/PastelPrince/Animations/anim_jebby_pastel_prince_land.anim,wardrobe thumbnails/preview only,PROTOTYPE,launch-usable; not final-art-certified,palette transfer of locked default poses; per-outfit theming minimal,user-supplied AI palette transfer; provenance/licence record MISSING,no editable source in repo,per-outfit rendered QA + final-art certification; record provenance,Roadmap P13B PROTOTYPE note; pixel-diff vs default 2.5-9.4/255 (FILE-MEASURED 2026-07-14),high
EXIST-028,Assets/_JebbyJump/Art/Characters/Jebby/Outfits/PastelPrince/Sprites/spr_jebby_pastel_prince_run_01.png,spr_jebby_pastel_prince_run_01.png,.png,character,outfit variant set,801300,d6a6736fdb88a334bade387bea7435b0151e1fade26f01ccd0a94001f0e2f294,1122,1402,RGBA,32,True,soft,PASS,x86 y171 w868 h1002,86,168,171,229,687072d482ad87648acc6a4a9f46ab9f,TextureImporter,8,1,100,"(0.5, 0)","(561, 0)",1,L0 B0 R0 T0,1,1,0,1,1,2048,1,yes,none (no SpriteAtlas assets in project),2,Assets/_JebbyJump/Art/Characters/Jebby/Outfits/WardrobePreviewLibrary.asset;Assets/_JebbyJump/Art/Characters/Jebby/Outfits/PastelPrince/Animations/anim_jebby_pastel_prince_run.anim,wardrobe thumbnails/preview only,PROTOTYPE,launch-usable; not final-art-certified,palette transfer of locked default poses; per-outfit theming minimal,user-supplied AI palette transfer; provenance/licence record MISSING,no editable source in repo,per-outfit rendered QA + final-art certification; record provenance,Roadmap P13B PROTOTYPE note; pixel-diff vs default 2.5-9.4/255 (FILE-MEASURED 2026-07-14),high
EXIST-029,Assets/_JebbyJump/Art/Characters/Jebby/Outfits/PastelPrince/Sprites/spr_jebby_pastel_prince_victory_01.png,spr_jebby_pastel_prince_victory_01.png,.png,character,outfit variant set,1068686,4c6c18168d169db7c9aa88c1bdbffc1f5e05080c74b6fdff0302f8405b7a5354,1122,1402,RGBA,32,True,soft,PASS,x96 y54 w929 h1242,96,97,54,106,2d6a9c4166cc77d408084ecf8a4ff95d,TextureImporter,8,1,100,"(0.5, 0)","(561, 0)",1,L0 B0 R0 T0,1,1,0,1,1,2048,1,yes,none (no SpriteAtlas assets in project),2,Assets/_JebbyJump/Art/Characters/Jebby/Outfits/WardrobePreviewLibrary.asset;Assets/_JebbyJump/Art/Characters/Jebby/Outfits/PastelPrince/Animations/anim_jebby_pastel_prince_victory.anim,wardrobe thumbnails/preview only,PROTOTYPE,launch-usable; not final-art-certified,palette transfer of locked default poses; per-outfit theming minimal,user-supplied AI palette transfer; provenance/licence record MISSING,no editable source in repo,per-outfit rendered QA + final-art certification; record provenance,Roadmap P13B PROTOTYPE note; pixel-diff vs default 2.5-9.4/255 (FILE-MEASURED 2026-07-14),high
EXIST-030,Assets/_JebbyJump/Art/Characters/Jebby/Outfits/RookiePage/Sprites/spr_jebby_rookie_page_fall_01.png,spr_jebby_rookie_page_fall_01.png,.png,character,default-look source (RookiePage set),893613,5fd99e27eda29315b2bb2024e868dd81fae8ba3ce7d397cbbacad334e91c86d5,1122,1402,RGBA,32,True,soft,PASS,x29 y179 w1016 h1047,29,77,179,176,390472fac6a14e5429b202272e2d6990,TextureImporter,8,1,100,"(0.5, 0)","(561, 0)",1,L0 B0 R0 T0,1,1,0,1,1,2048,1,yes,none (no SpriteAtlas assets in project),3,Assets/_JebbyJump/Art/Animations/Jebby_Fall.anim;Assets/_JebbyJump/Art/Characters/Jebby/Outfits/WardrobePreviewLibrary.asset;Assets/_JebbyJump/Art/Characters/Jebby/Outfits/RookiePage/Animations/anim_jebby_rookie_page_fall.anim,yes,PROTOTYPE,LAUNCH_REQUIRED-as-is; final-art certification pending,matches locked reference (palette copy of Classic),user-supplied AI palette transfer; provenance/licence record MISSING,no editable source in repo,final-art certification pass; record provenance/licence,Roadmap P13B PROTOTYPE note; RUNTIME-OBSERVED in gameplay (review shots); default-look pointer since 355dba3,high
EXIST-031,Assets/_JebbyJump/Art/Characters/Jebby/Outfits/RookiePage/Sprites/spr_jebby_rookie_page_hurt_01.png,spr_jebby_rookie_page_hurt_01.png,.png,character,default-look source (RookiePage set),932873,bb0613cacdf72af2e98a30448ee29a82ca63ad0acb85ab6b2e966caaee55f7e9,1122,1402,RGBA,32,True,soft,PASS,x184 y115 w741 h1118,184,197,115,169,21c24e3f522c60649b2660ce2e1cecb4,TextureImporter,8,1,100,"(0.5, 0)","(561, 0)",1,L0 B0 R0 T0,1,1,0,1,1,2048,1,yes,none (no SpriteAtlas assets in project),3,Assets/_JebbyJump/Art/Animations/Jebby_Hurt.anim;Assets/_JebbyJump/Art/Characters/Jebby/Outfits/WardrobePreviewLibrary.asset;Assets/_JebbyJump/Art/Characters/Jebby/Outfits/RookiePage/Animations/anim_jebby_rookie_page_hurt.anim,yes,PROTOTYPE,LAUNCH_REQUIRED-as-is; final-art certification pending,matches locked reference (palette copy of Classic),user-supplied AI palette transfer; provenance/licence record MISSING,no editable source in repo,final-art certification pass; record provenance/licence,Roadmap P13B PROTOTYPE note; RUNTIME-OBSERVED in gameplay (review shots); default-look pointer since 355dba3,high
EXIST-032,Assets/_JebbyJump/Art/Characters/Jebby/Outfits/RookiePage/Sprites/spr_jebby_rookie_page_idle_01.png,spr_jebby_rookie_page_idle_01.png,.png,character,default-look source (RookiePage set),1003722,c206ee420618854f5c903baad6fc5081d8bf057ac81a7f973ee9a6796cf69cee,1122,1402,RGBA,32,True,soft,PASS,x162 y93 w783 h1203,162,177,93,106,021b7c4c8d74aab4db579d6636d3088c,TextureImporter,8,1,100,"(0.5, 0)","(561, 0)",1,L0 B0 R0 T0,1,1,0,1,1,2048,1,yes,none (no SpriteAtlas assets in project),4,Assets/_JebbyJump/Art/Animations/Jebby_Idle.anim;Assets/_JebbyJump/Art/Characters/Jebby/Outfits/WardrobePreviewLibrary.asset;Assets/_JebbyJump/Art/Characters/Jebby/Outfits/RookiePage/Animations/anim_jebby_rookie_page_idle.anim;Assets/_JebbyJump/Prefabs/Player/Jebby.prefab,yes,PROTOTYPE,LAUNCH_REQUIRED-as-is; final-art certification pending,matches locked reference (palette copy of Classic),user-supplied AI palette transfer; provenance/licence record MISSING,no editable source in repo,final-art certification pass; record provenance/licence,Roadmap P13B PROTOTYPE note; RUNTIME-OBSERVED in gameplay (review shots); default-look pointer since 355dba3,high
EXIST-033,Assets/_JebbyJump/Art/Characters/Jebby/Outfits/RookiePage/Sprites/spr_jebby_rookie_page_jump_01.png,spr_jebby_rookie_page_jump_01.png,.png,character,default-look source (RookiePage set),1023185,f1a081feb832ec67cf10293afaae3aa226f49d8eb9e78fba2fd6899f9834f5bc,1122,1402,RGBA,32,True,soft,PASS,x94 y43 w933 h1268,94,95,43,91,4f324b55d19566d4ea6cdfa74ed38712,TextureImporter,8,1,100,"(0.5, 0)","(561, 0)",1,L0 B0 R0 T0,1,1,0,1,1,2048,1,yes,none (no SpriteAtlas assets in project),3,Assets/_JebbyJump/Art/Animations/Jebby_Jump.anim;Assets/_JebbyJump/Art/Characters/Jebby/Outfits/WardrobePreviewLibrary.asset;Assets/_JebbyJump/Art/Characters/Jebby/Outfits/RookiePage/Animations/anim_jebby_rookie_page_jump.anim,yes,PROTOTYPE,LAUNCH_REQUIRED-as-is; final-art certification pending,matches locked reference (palette copy of Classic),user-supplied AI palette transfer; provenance/licence record MISSING,no editable source in repo,final-art certification pass; record provenance/licence,Roadmap P13B PROTOTYPE note; RUNTIME-OBSERVED in gameplay (review shots); default-look pointer since 355dba3,high
EXIST-034,Assets/_JebbyJump/Art/Characters/Jebby/Outfits/RookiePage/Sprites/spr_jebby_rookie_page_land_01.png,spr_jebby_rookie_page_land_01.png,.png,character,default-look source (RookiePage set),1040202,b905e3d4653861ffc21ec520b71ed39ab5e7e9b51c6f1e36f41eef0e93e16db2,1122,1402,RGBA,32,True,soft,PASS,x83 y219 w947 h1125,83,92,219,58,bf1edf69fb4a6be438e7b71b2f7e3d2b,TextureImporter,8,1,100,"(0.5, 0)","(561, 0)",1,L0 B0 R0 T0,1,1,0,1,1,2048,1,yes,none (no SpriteAtlas assets in project),3,Assets/_JebbyJump/Art/Animations/Jebby_Land.anim;Assets/_JebbyJump/Art/Characters/Jebby/Outfits/WardrobePreviewLibrary.asset;Assets/_JebbyJump/Art/Characters/Jebby/Outfits/RookiePage/Animations/anim_jebby_rookie_page_land.anim,yes,PROTOTYPE,LAUNCH_REQUIRED-as-is; final-art certification pending,matches locked reference (palette copy of Classic),user-supplied AI palette transfer; provenance/licence record MISSING,no editable source in repo,final-art certification pass; record provenance/licence,Roadmap P13B PROTOTYPE note; RUNTIME-OBSERVED in gameplay (review shots); default-look pointer since 355dba3,high
EXIST-035,Assets/_JebbyJump/Art/Characters/Jebby/Outfits/RookiePage/Sprites/spr_jebby_rookie_page_run_01.png,spr_jebby_rookie_page_run_01.png,.png,character,default-look source (RookiePage set),794677,7fd4305d4da32cc69faeb3978b0cdc09d8252552141a3b5624692dcec74ef7bf,1122,1402,RGBA,32,True,soft,PASS,x86 y171 w868 h1002,86,168,171,229,07a68b3ede6b2cb46ae407bcdb238fda,TextureImporter,8,1,100,"(0.5, 0)","(561, 0)",1,L0 B0 R0 T0,1,1,0,1,1,2048,1,yes,none (no SpriteAtlas assets in project),3,Assets/_JebbyJump/Art/Animations/Jebby_Run.anim;Assets/_JebbyJump/Art/Characters/Jebby/Outfits/WardrobePreviewLibrary.asset;Assets/_JebbyJump/Art/Characters/Jebby/Outfits/RookiePage/Animations/anim_jebby_rookie_page_run.anim,yes,PROTOTYPE,LAUNCH_REQUIRED-as-is; final-art certification pending,matches locked reference (palette copy of Classic),user-supplied AI palette transfer; provenance/licence record MISSING,no editable source in repo,final-art certification pass; record provenance/licence,Roadmap P13B PROTOTYPE note; RUNTIME-OBSERVED in gameplay (review shots); default-look pointer since 355dba3,high
EXIST-036,Assets/_JebbyJump/Art/Characters/Jebby/Outfits/RookiePage/Sprites/spr_jebby_rookie_page_victory_01.png,spr_jebby_rookie_page_victory_01.png,.png,character,default-look source (RookiePage set),1058030,13e2273442188b47a79914a653985cdf0f7459d922f0f768cf980dba608ad466,1122,1402,RGBA,32,True,soft,PASS,x96 y54 w929 h1242,96,97,54,106,cd9df0ba1b24b8442ba36bfa27e6feb2,TextureImporter,8,1,100,"(0.5, 0)","(561, 0)",1,L0 B0 R0 T0,1,1,0,1,1,2048,1,yes,none (no SpriteAtlas assets in project),3,Assets/_JebbyJump/Art/Animations/Jebby_Victory.anim;Assets/_JebbyJump/Art/Characters/Jebby/Outfits/WardrobePreviewLibrary.asset;Assets/_JebbyJump/Art/Characters/Jebby/Outfits/RookiePage/Animations/anim_jebby_rookie_page_victory.anim,yes,PROTOTYPE,LAUNCH_REQUIRED-as-is; final-art certification pending,matches locked reference (palette copy of Classic),user-supplied AI palette transfer; provenance/licence record MISSING,no editable source in repo,final-art certification pass; record provenance/licence,Roadmap P13B PROTOTYPE note; RUNTIME-OBSERVED in gameplay (review shots); default-look pointer since 355dba3,high
EXIST-037,Assets/_JebbyJump/Art/Characters/Jebby/Outfits/SilverDreamer/Sprites/spr_jebby_silver_dreamer_fall_01.png,spr_jebby_silver_dreamer_fall_01.png,.png,character,outfit variant set,893239,0ef5486fddef446a7672e404933fc7736430e623a903561084b67e179367acbb,1122,1402,RGBA,32,True,soft,PASS,x29 y179 w1016 h1047,29,77,179,176,fbbbad544631a2c4f9bc86d91f9afac9,TextureImporter,8,1,100,"(0.5, 0)","(561, 0)",1,L0 B0 R0 T0,1,1,0,1,1,2048,1,yes,none (no SpriteAtlas assets in project),2,Assets/_JebbyJump/Art/Characters/Jebby/Outfits/WardrobePreviewLibrary.asset;Assets/_JebbyJump/Art/Characters/Jebby/Outfits/SilverDreamer/Animations/anim_jebby_silver_dreamer_fall.anim,wardrobe thumbnails/preview only,PROTOTYPE,launch-usable; not final-art-certified,palette transfer of locked default poses; per-outfit theming minimal,user-supplied AI palette transfer; provenance/licence record MISSING,no editable source in repo,per-outfit rendered QA + final-art certification; record provenance,Roadmap P13B PROTOTYPE note; pixel-diff vs default 2.5-9.4/255 (FILE-MEASURED 2026-07-14),high
EXIST-038,Assets/_JebbyJump/Art/Characters/Jebby/Outfits/SilverDreamer/Sprites/spr_jebby_silver_dreamer_hurt_01.png,spr_jebby_silver_dreamer_hurt_01.png,.png,character,outfit variant set,932791,be38bcd27f732385fe182e2996d6a654259cba1c3ab46d7d3cbe91ee44f6ebd9,1122,1402,RGBA,32,True,soft,PASS,x184 y115 w741 h1118,184,197,115,169,06e7fbcf40ae38c4a82989cf5246debd,TextureImporter,8,1,100,"(0.5, 0)","(561, 0)",1,L0 B0 R0 T0,1,1,0,1,1,2048,1,yes,none (no SpriteAtlas assets in project),2,Assets/_JebbyJump/Art/Characters/Jebby/Outfits/WardrobePreviewLibrary.asset;Assets/_JebbyJump/Art/Characters/Jebby/Outfits/SilverDreamer/Animations/anim_jebby_silver_dreamer_hurt.anim,wardrobe thumbnails/preview only,PROTOTYPE,launch-usable; not final-art-certified,palette transfer of locked default poses; per-outfit theming minimal,user-supplied AI palette transfer; provenance/licence record MISSING,no editable source in repo,per-outfit rendered QA + final-art certification; record provenance,Roadmap P13B PROTOTYPE note; pixel-diff vs default 2.5-9.4/255 (FILE-MEASURED 2026-07-14),high
EXIST-039,Assets/_JebbyJump/Art/Characters/Jebby/Outfits/SilverDreamer/Sprites/spr_jebby_silver_dreamer_idle_01.png,spr_jebby_silver_dreamer_idle_01.png,.png,character,outfit variant set,1003544,9d0c9e5b09bca045c6f61c9d2bc85488005a2a9bc66b0f619bc2a02ad488e661,1122,1402,RGBA,32,True,soft,PASS,x162 y93 w783 h1203,162,177,93,106,975f56312f7cd5d4db02c8ffbe0e4d45,TextureImporter,8,1,100,"(0.5, 0)","(561, 0)",1,L0 B0 R0 T0,1,1,0,1,1,2048,1,yes,none (no SpriteAtlas assets in project),2,Assets/_JebbyJump/Art/Characters/Jebby/Outfits/WardrobePreviewLibrary.asset;Assets/_JebbyJump/Art/Characters/Jebby/Outfits/SilverDreamer/Animations/anim_jebby_silver_dreamer_idle.anim,wardrobe thumbnails/preview only,PROTOTYPE,launch-usable; not final-art-certified,palette transfer of locked default poses; per-outfit theming minimal,user-supplied AI palette transfer; provenance/licence record MISSING,no editable source in repo,per-outfit rendered QA + final-art certification; record provenance,Roadmap P13B PROTOTYPE note; pixel-diff vs default 2.5-9.4/255 (FILE-MEASURED 2026-07-14),high
EXIST-040,Assets/_JebbyJump/Art/Characters/Jebby/Outfits/SilverDreamer/Sprites/spr_jebby_silver_dreamer_jump_01.png,spr_jebby_silver_dreamer_jump_01.png,.png,character,outfit variant set,1021287,4bb2e3033ac6ea1687bfe94caa4512c9567966f1a85182163719eb883a053bab,1122,1402,RGBA,32,True,soft,PASS,x94 y43 w933 h1268,94,95,43,91,f6afe44c479f8364997fcfae2254a1a0,TextureImporter,8,1,100,"(0.5, 0)","(561, 0)",1,L0 B0 R0 T0,1,1,0,1,1,2048,1,yes,none (no SpriteAtlas assets in project),2,Assets/_JebbyJump/Art/Characters/Jebby/Outfits/WardrobePreviewLibrary.asset;Assets/_JebbyJump/Art/Characters/Jebby/Outfits/SilverDreamer/Animations/anim_jebby_silver_dreamer_jump.anim,wardrobe thumbnails/preview only,PROTOTYPE,launch-usable; not final-art-certified,palette transfer of locked default poses; per-outfit theming minimal,user-supplied AI palette transfer; provenance/licence record MISSING,no editable source in repo,per-outfit rendered QA + final-art certification; record provenance,Roadmap P13B PROTOTYPE note; pixel-diff vs default 2.5-9.4/255 (FILE-MEASURED 2026-07-14),high
EXIST-041,Assets/_JebbyJump/Art/Characters/Jebby/Outfits/SilverDreamer/Sprites/spr_jebby_silver_dreamer_land_01.png,spr_jebby_silver_dreamer_land_01.png,.png,character,outfit variant set,1039124,2eac209d5a8ee8c69123884228d4fb3be70552bf7500b76880baac2a1de54d72,1122,1402,RGBA,32,True,soft,PASS,x83 y219 w947 h1125,83,92,219,58,b28f88fbe767a724a9350823cadca292,TextureImporter,8,1,100,"(0.5, 0)","(561, 0)",1,L0 B0 R0 T0,1,1,0,1,1,2048,1,yes,none (no SpriteAtlas assets in project),2,Assets/_JebbyJump/Art/Characters/Jebby/Outfits/WardrobePreviewLibrary.asset;Assets/_JebbyJump/Art/Characters/Jebby/Outfits/SilverDreamer/Animations/anim_jebby_silver_dreamer_land.anim,wardrobe thumbnails/preview only,PROTOTYPE,launch-usable; not final-art-certified,palette transfer of locked default poses; per-outfit theming minimal,user-supplied AI palette transfer; provenance/licence record MISSING,no editable source in repo,per-outfit rendered QA + final-art certification; record provenance,Roadmap P13B PROTOTYPE note; pixel-diff vs default 2.5-9.4/255 (FILE-MEASURED 2026-07-14),high
EXIST-042,Assets/_JebbyJump/Art/Characters/Jebby/Outfits/SilverDreamer/Sprites/spr_jebby_silver_dreamer_run_01.png,spr_jebby_silver_dreamer_run_01.png,.png,character,outfit variant set,795242,5678deeae500ca83e9f3ede9382d75b7bb7062a89c560a66b7e7b41c685b0704,1122,1402,RGBA,32,True,soft,PASS,x86 y171 w868 h1002,86,168,171,229,1c34f3a7614dc7343b862e4a209a671e,TextureImporter,8,1,100,"(0.5, 0)","(561, 0)",1,L0 B0 R0 T0,1,1,0,1,1,2048,1,yes,none (no SpriteAtlas assets in project),2,Assets/_JebbyJump/Art/Characters/Jebby/Outfits/WardrobePreviewLibrary.asset;Assets/_JebbyJump/Art/Characters/Jebby/Outfits/SilverDreamer/Animations/anim_jebby_silver_dreamer_run.anim,wardrobe thumbnails/preview only,PROTOTYPE,launch-usable; not final-art-certified,palette transfer of locked default poses; per-outfit theming minimal,user-supplied AI palette transfer; provenance/licence record MISSING,no editable source in repo,per-outfit rendered QA + final-art certification; record provenance,Roadmap P13B PROTOTYPE note; pixel-diff vs default 2.5-9.4/255 (FILE-MEASURED 2026-07-14),high
EXIST-043,Assets/_JebbyJump/Art/Characters/Jebby/Outfits/SilverDreamer/Sprites/spr_jebby_silver_dreamer_victory_01.png,spr_jebby_silver_dreamer_victory_01.png,.png,character,outfit variant set,1058262,bbd5840e150a4bbc0563722afde62c5e6efa453c0e70f56a6d2fafbbf0e657bc,1122,1402,RGBA,32,True,soft,PASS,x96 y54 w929 h1242,96,97,54,106,3ddfc6d1b9fd54f45b8028b83f58d48e,TextureImporter,8,1,100,"(0.5, 0)","(561, 0)",1,L0 B0 R0 T0,1,1,0,1,1,2048,1,yes,none (no SpriteAtlas assets in project),2,Assets/_JebbyJump/Art/Characters/Jebby/Outfits/WardrobePreviewLibrary.asset;Assets/_JebbyJump/Art/Characters/Jebby/Outfits/SilverDreamer/Animations/anim_jebby_silver_dreamer_victory.anim,wardrobe thumbnails/preview only,PROTOTYPE,launch-usable; not final-art-certified,palette transfer of locked default poses; per-outfit theming minimal,user-supplied AI palette transfer; provenance/licence record MISSING,no editable source in repo,per-outfit rendered QA + final-art certification; record provenance,Roadmap P13B PROTOTYPE note; pixel-diff vs default 2.5-9.4/255 (FILE-MEASURED 2026-07-14),high
EXIST-044,Assets/_JebbyJump/Art/Characters/Jebby/Outfits/SunshineKnight/Sprites/spr_jebby_sunshine_knight_fall_01.png,spr_jebby_sunshine_knight_fall_01.png,.png,character,outfit variant set,887749,9425c92a0e08d786ecd6377a5d90839a078bc45dd1c05472fef067c246f56b1e,1122,1402,RGBA,32,True,soft,PASS,x29 y179 w1016 h1047,29,77,179,176,293882779e8b33b4aa9412f218533d20,TextureImporter,8,1,100,"(0.5, 0)","(561, 0)",1,L0 B0 R0 T0,1,1,0,1,1,2048,1,yes,none (no SpriteAtlas assets in project),2,Assets/_JebbyJump/Art/Characters/Jebby/Outfits/WardrobePreviewLibrary.asset;Assets/_JebbyJump/Art/Characters/Jebby/Outfits/SunshineKnight/Animations/anim_jebby_sunshine_knight_fall.anim,wardrobe thumbnails/preview only,PROTOTYPE,launch-usable; not final-art-certified,palette transfer of locked default poses; per-outfit theming minimal,user-supplied AI palette transfer; provenance/licence record MISSING,no editable source in repo,per-outfit rendered QA + final-art certification; record provenance,Roadmap P13B PROTOTYPE note; pixel-diff vs default 2.5-9.4/255 (FILE-MEASURED 2026-07-14),high
EXIST-045,Assets/_JebbyJump/Art/Characters/Jebby/Outfits/SunshineKnight/Sprites/spr_jebby_sunshine_knight_hurt_01.png,spr_jebby_sunshine_knight_hurt_01.png,.png,character,outfit variant set,932262,9f24713379c7792ead891244adfa398a9e168a50eba69dcb4c9e6065dd4cb704,1122,1402,RGBA,32,True,soft,PASS,x184 y115 w741 h1118,184,197,115,169,0aa6a9ffe0f64cb45afe9673f4f1eb7d,TextureImporter,8,1,100,"(0.5, 0)","(561, 0)",1,L0 B0 R0 T0,1,1,0,1,1,2048,1,yes,none (no SpriteAtlas assets in project),2,Assets/_JebbyJump/Art/Characters/Jebby/Outfits/WardrobePreviewLibrary.asset;Assets/_JebbyJump/Art/Characters/Jebby/Outfits/SunshineKnight/Animations/anim_jebby_sunshine_knight_hurt.anim,wardrobe thumbnails/preview only,PROTOTYPE,launch-usable; not final-art-certified,palette transfer of locked default poses; per-outfit theming minimal,user-supplied AI palette transfer; provenance/licence record MISSING,no editable source in repo,per-outfit rendered QA + final-art certification; record provenance,Roadmap P13B PROTOTYPE note; pixel-diff vs default 2.5-9.4/255 (FILE-MEASURED 2026-07-14),high
EXIST-046,Assets/_JebbyJump/Art/Characters/Jebby/Outfits/SunshineKnight/Sprites/spr_jebby_sunshine_knight_idle_01.png,spr_jebby_sunshine_knight_idle_01.png,.png,character,outfit variant set,1003293,3c7709d19fdae60e945ddb096d7403ecd7329b6a59e7a2a880d2b02c8de221c4,1122,1402,RGBA,32,True,soft,PASS,x162 y93 w783 h1203,162,177,93,106,e5f20d06716e5d444a4dbbf62a4f6e7a,TextureImporter,8,1,100,"(0.5, 0)","(561, 0)",1,L0 B0 R0 T0,1,1,0,1,1,2048,1,yes,none (no SpriteAtlas assets in project),2,Assets/_JebbyJump/Art/Characters/Jebby/Outfits/WardrobePreviewLibrary.asset;Assets/_JebbyJump/Art/Characters/Jebby/Outfits/SunshineKnight/Animations/anim_jebby_sunshine_knight_idle.anim,wardrobe thumbnails/preview only,PROTOTYPE,launch-usable; not final-art-certified,palette transfer of locked default poses; per-outfit theming minimal,user-supplied AI palette transfer; provenance/licence record MISSING,no editable source in repo,per-outfit rendered QA + final-art certification; record provenance,Roadmap P13B PROTOTYPE note; pixel-diff vs default 2.5-9.4/255 (FILE-MEASURED 2026-07-14),high
EXIST-047,Assets/_JebbyJump/Art/Characters/Jebby/Outfits/SunshineKnight/Sprites/spr_jebby_sunshine_knight_jump_01.png,spr_jebby_sunshine_knight_jump_01.png,.png,character,outfit variant set,1022817,b63742a2daf68227414c6cf77f95825b2a11203d925f27b101851f448b69889a,1122,1402,RGBA,32,True,soft,PASS,x94 y43 w933 h1268,94,95,43,91,b766fc8db7ef8524db3a80d7a472c640,TextureImporter,8,1,100,"(0.5, 0)","(561, 0)",1,L0 B0 R0 T0,1,1,0,1,1,2048,1,yes,none (no SpriteAtlas assets in project),2,Assets/_JebbyJump/Art/Characters/Jebby/Outfits/WardrobePreviewLibrary.asset;Assets/_JebbyJump/Art/Characters/Jebby/Outfits/SunshineKnight/Animations/anim_jebby_sunshine_knight_jump.anim,wardrobe thumbnails/preview only,PROTOTYPE,launch-usable; not final-art-certified,palette transfer of locked default poses; per-outfit theming minimal,user-supplied AI palette transfer; provenance/licence record MISSING,no editable source in repo,per-outfit rendered QA + final-art certification; record provenance,Roadmap P13B PROTOTYPE note; pixel-diff vs default 2.5-9.4/255 (FILE-MEASURED 2026-07-14),high
EXIST-048,Assets/_JebbyJump/Art/Characters/Jebby/Outfits/SunshineKnight/Sprites/spr_jebby_sunshine_knight_land_01.png,spr_jebby_sunshine_knight_land_01.png,.png,character,outfit variant set,1038758,e6481a5c8c429ef0e7600fbca9c857b72fc86fffb33152644dd8572b2648854d,1122,1402,RGBA,32,True,soft,PASS,x83 y219 w947 h1125,83,92,219,58,8d06fd76fb132d942b8ad13b2d7fe5a3,TextureImporter,8,1,100,"(0.5, 0)","(561, 0)",1,L0 B0 R0 T0,1,1,0,1,1,2048,1,yes,none (no SpriteAtlas assets in project),2,Assets/_JebbyJump/Art/Characters/Jebby/Outfits/WardrobePreviewLibrary.asset;Assets/_JebbyJump/Art/Characters/Jebby/Outfits/SunshineKnight/Animations/anim_jebby_sunshine_knight_land.anim,wardrobe thumbnails/preview only,PROTOTYPE,launch-usable; not final-art-certified,palette transfer of locked default poses; per-outfit theming minimal,user-supplied AI palette transfer; provenance/licence record MISSING,no editable source in repo,per-outfit rendered QA + final-art certification; record provenance,Roadmap P13B PROTOTYPE note; pixel-diff vs default 2.5-9.4/255 (FILE-MEASURED 2026-07-14),high
EXIST-049,Assets/_JebbyJump/Art/Characters/Jebby/Outfits/SunshineKnight/Sprites/spr_jebby_sunshine_knight_run_01.png,spr_jebby_sunshine_knight_run_01.png,.png,character,outfit variant set,791487,00b8464439de03a234ba8307e64bdaecf6480c65c4a34be07a46d67665a3b38f,1122,1402,RGBA,32,True,soft,PASS,x86 y171 w868 h1002,86,168,171,229,ad4b621f2e4fc5449b1f18f3666a1531,TextureImporter,8,1,100,"(0.5, 0)","(561, 0)",1,L0 B0 R0 T0,1,1,0,1,1,2048,1,yes,none (no SpriteAtlas assets in project),2,Assets/_JebbyJump/Art/Characters/Jebby/Outfits/WardrobePreviewLibrary.asset;Assets/_JebbyJump/Art/Characters/Jebby/Outfits/SunshineKnight/Animations/anim_jebby_sunshine_knight_run.anim,wardrobe thumbnails/preview only,PROTOTYPE,launch-usable; not final-art-certified,palette transfer of locked default poses; per-outfit theming minimal,user-supplied AI palette transfer; provenance/licence record MISSING,no editable source in repo,per-outfit rendered QA + final-art certification; record provenance,Roadmap P13B PROTOTYPE note; pixel-diff vs default 2.5-9.4/255 (FILE-MEASURED 2026-07-14),high
EXIST-050,Assets/_JebbyJump/Art/Characters/Jebby/Outfits/SunshineKnight/Sprites/spr_jebby_sunshine_knight_victory_01.png,spr_jebby_sunshine_knight_victory_01.png,.png,character,outfit variant set,1053674,aaeee1311110a507a7ac337c43d9f6cd6b1134d414fd1033024be69ce9c06b82,1122,1402,RGBA,32,True,soft,PASS,x96 y54 w929 h1242,96,97,54,106,a6221d575d552284e9d3ab8cf1e20986,TextureImporter,8,1,100,"(0.5, 0)","(561, 0)",1,L0 B0 R0 T0,1,1,0,1,1,2048,1,yes,none (no SpriteAtlas assets in project),2,Assets/_JebbyJump/Art/Characters/Jebby/Outfits/WardrobePreviewLibrary.asset;Assets/_JebbyJump/Art/Characters/Jebby/Outfits/SunshineKnight/Animations/anim_jebby_sunshine_knight_victory.anim,wardrobe thumbnails/preview only,PROTOTYPE,launch-usable; not final-art-certified,palette transfer of locked default poses; per-outfit theming minimal,user-supplied AI palette transfer; provenance/licence record MISSING,no editable source in repo,per-outfit rendered QA + final-art certification; record provenance,Roadmap P13B PROTOTYPE note; pixel-diff vs default 2.5-9.4/255 (FILE-MEASURED 2026-07-14),high
EXIST-051,Assets/_JebbyJump/Art/Sprites/Placeholder.png,Placeholder.png,.png,placeholder,scaffold placeholder,107,0595759487aa5410592335d71dbad35beb706bffbb0727e52c79c21ece3d26fc,32,32,RGBA,32,True,soft,"FAIL(255,255,255,255)",x0 y0 w32 h32,0,0,0,0,d0440e8857eb55c45bdf8508fee4ebdd,TextureImporter,8,2,32,"(0.5, 0.5)","(16, 16)",1,L0 B0 R0 T0,1,1,0,1,1,2048,1,none-detected,none (no SpriteAtlas assets in project),1,Assets/_JebbyJump/Scenes/Game.unity,no,PLACEHOLDER,not production,n/a,n/a,n/a,delete once confirmed unreferenced,explicit placeholder name; near-zero size,high
EXIST-052,Assets/_JebbyJump/Art/Sprites/Backgrounds/bg_sky_layer_01.png,bg_sky_layer_01.png,.png,background,gameplay sky,1434838,92ff1a3fdad5e110db85b7f4feae5b985268d17e3b683b70d2033c2597bdedc2,941,1672,RGB,24,False,none,N/A(opaque),,,,,,8e74099a6ed4dd54ea1531ddc90a3a58,TextureImporter,8,1,100,"(0.5, 0.5)","(470, 836)",1,L0 B0 R0 T0,1,1,0,0,1,2048,1,yes,none (no SpriteAtlas assets in project),1,Assets/_JebbyJump/Scenes/Game.unity,yes,PRODUCTION_ACCEPTABLE,launch-usable single layer,matches Art Bible (soft pastel fantasy) - RUNTIME-OBSERVED,provenance record MISSING,no source,keep for launch; parallax layers are post-launch polish,RUNTIME-OBSERVED review screenshots (Game scene),high
EXIST-053,Assets/_JebbyJump/Art/Sprites/Items/spr_item_rocket_boots_01.png,spr_item_rocket_boots_01.png,.png,item/skill,Rocket Boots skill icon source,1436856,03fb09d0e8afb01d450df93a301f3170235b2fed407f2061f6b2f5b1d5005860,1254,1254,RGBA,32,True,soft,PASS,x255 y233 w683 h820,255,316,233,201,fddcc2a7ae58d2e4f973d2e83cfbb752,TextureImporter,8,1,100,"(0.5, 0.5)","(627, 627)",1,L0 B0 R0 T0,1,1,0,1,1,2048,1,yes,none (no SpriteAtlas assets in project),1,Assets/_JebbyJump/Scenes/Game.unity,yes,PRODUCTION_ACCEPTABLE,used as HUD skill icon,ornate style matches control buttons,provenance record MISSING,no source,TECHNICAL_REEXPORT: 1122x1402 source displayed ~100px; add max-size platform override or downsized icon,RUNTIME-OBSERVED as Btn_Skill1 icon (review shots); size FILE-MEASURED,high
EXIST-054,Assets/_JebbyJump/Art/Sprites/Obstacles/spr_cactus_obstacle_01.png,spr_cactus_obstacle_01.png,.png,obstacle,cactus hazard,740725,e380faabe34d38916cddac045ac6d3861af821fb1f7aff3669cf6da9a93b43a2,1254,1254,RGBA,32,True,binary,PASS,x171 y207 w899 h790,171,184,207,257,c598d39dc918d4d45aacdc06c12e9e09,TextureImporter,8,1,1254,"(0.5, 0.5)","(627, 627)",1,L0 B0 R0 T0,1,1,0,1,1,2048,1,yes,none (no SpriteAtlas assets in project),1,Assets/_JebbyJump/Prefabs/Obstacles/Cactus.prefab,no,PRODUCTION_ACCEPTABLE,launch hazard art,not runtime-observed this review (L1 spawns no cactus),provenance record MISSING,no source,"rendered QA on a cactus level; consider contact/warning variant (recommended, not required)",DEPENDENCY-VERIFIED via spawner; NOT runtime-observed,medium
EXIST-055,Assets/_JebbyJump/Art/Sprites/Platforms/spr_platform_base_01.png,spr_platform_base_01.png,.png,platform,base pill (runtime-tinted per color),7040,f8633a76c0e90063b6211079b7bf26d57e7b3e7dfa7c05218ad798025118db25,238,29,RGBA,32,True,soft,PASS,x0 y0 w238 h29,0,0,0,0,996717c4856560442be69e035b008bea,TextureImporter,8,1,100,"(0.5, 0.5)","(119, 14)",1,L0 B0 R0 T0,1,1,0,1,1,2048,0,yes,none (no SpriteAtlas assets in project),1,Assets/_JebbyJump/Prefabs/Platforms/Platform.prefab,yes,PRODUCTION_ACCEPTABLE,single base sprite tinted per PlatformColor,simple rounded pill; reads clearly (RUNTIME-OBSERVED),n/a simple shape,no source,optional style upgrade (texture/edge highlight) - LAUNCH_RECOMMENDED polish only,RUNTIME-OBSERVED review screenshots; tint via SpriteRenderer.color (STATIC-INSPECTED),high
EXIST-056,Assets/_JebbyJump/Art/Sprites/UI/ui_btn_bg.png,ui_btn_bg.png,.png,ui,mobile control / HUD sprite,1044799,19d18eb8bc28979d2cdd09e47fa797efdd1fe7c1dbacdd13118917acbcd5ece0,1254,1254,RGBA,32,True,soft,PASS,x127 y109 w995 h1013,127,132,109,132,52dec37f41a2f9a49b5bb0d6f5e3811e,TextureImporter,8,2,100,"(0.5, 0.5)","(627, 627)",1,L0 B0 R0 T0,1,1,0,1,1,2048,1,yes,none (no SpriteAtlas assets in project),1,Assets/_JebbyJump/Scenes/Game.unity,yes,PRODUCTION_ACCEPTABLE,launch-usable,ornate gold/blue controls match Art Bible premium bar (RUNTIME-OBSERVED),provenance record MISSING,no source,TECHNICAL_REEXPORT: ~1MB 1122px sources displayed at 100-160px; add max-size overrides/atlas,RUNTIME-OBSERVED review screenshots (HUD),high
EXIST-057,Assets/_JebbyJump/Art/Sprites/UI/ui_btn_jump.png,ui_btn_jump.png,.png,ui,mobile control / HUD sprite,1059562,58adb2dbf1b47f76db70c97f94191f4766e9fa827b26414668b218e5a7472930,1254,1254,RGBA,32,True,soft,PASS,x143 y97 w953 h996,143,158,97,161,4e7ab1b1ee6f52d4a904ec42aa5ff467,TextureImporter,8,1,100,"(0.5, 0.5)","(627, 627)",1,L0 B0 R0 T0,1,1,0,1,1,2048,1,yes,none (no SpriteAtlas assets in project),1,Assets/_JebbyJump/Scenes/Game.unity,yes,PRODUCTION_ACCEPTABLE,launch-usable,ornate gold/blue controls match Art Bible premium bar (RUNTIME-OBSERVED),provenance record MISSING,no source,TECHNICAL_REEXPORT: ~1MB 1122px sources displayed at 100-160px; add max-size overrides/atlas,RUNTIME-OBSERVED review screenshots (HUD),high
EXIST-058,Assets/_JebbyJump/Art/Sprites/UI/ui_btn_left.png,ui_btn_left.png,.png,ui,mobile control / HUD sprite,966183,fe1917a0a2b90081b6bf3f796e56b2be7cdb9130e3b85d9dff8c08c612bf0272,1254,1254,RGBA,32,True,soft,PASS,x105 y74 w1037 h1040,105,112,74,140,2d4db60fffe097f42b6fe2725fb97c2b,TextureImporter,8,1,100,"(0.5, 0.5)","(627, 627)",1,L0 B0 R0 T0,1,1,0,1,1,2048,1,yes,none (no SpriteAtlas assets in project),1,Assets/_JebbyJump/Scenes/Game.unity,yes,PRODUCTION_ACCEPTABLE,launch-usable,ornate gold/blue controls match Art Bible premium bar (RUNTIME-OBSERVED),provenance record MISSING,no source,TECHNICAL_REEXPORT: ~1MB 1122px sources displayed at 100-160px; add max-size overrides/atlas,RUNTIME-OBSERVED review screenshots (HUD),high
EXIST-059,Assets/_JebbyJump/Art/Sprites/UI/ui_btn_right.png,ui_btn_right.png,.png,ui,mobile control / HUD sprite,967079,aff9fbd2034413ccfc98f6829bcad1d834c04beb7f2d31ae10e76367928d4a8e,1254,1254,RGBA,32,True,soft,PASS,x112 y74 w1037 h1040,112,105,74,140,737ac9d69aa9d3e43a49b7cc3d1907b0,TextureImporter,8,1,100,"(0.5, 0.5)","(627, 627)",1,L0 B0 R0 T0,1,1,0,1,1,2048,1,yes,none (no SpriteAtlas assets in project),1,Assets/_JebbyJump/Scenes/Game.unity,yes,PRODUCTION_ACCEPTABLE,launch-usable,ornate gold/blue controls match Art Bible premium bar (RUNTIME-OBSERVED),provenance record MISSING,no source,TECHNICAL_REEXPORT: ~1MB 1122px sources displayed at 100-160px; add max-size overrides/atlas,RUNTIME-OBSERVED review screenshots (HUD),high
EXIST-060,Assets/_JebbyJump/Art/Sprites/UI/ui_icon_life_01.png,ui_icon_life_01.png,.png,ui,mobile control / HUD sprite,1131110,a5f354bacbcc80832df19ca834911af8f9b77e318d29d932ec9538cab9ef16a6,1254,1254,RGBA,32,True,soft,PASS,x218 y256 w814 h735,218,222,256,263,53283f0f0cf07ce4395535c8bc6f95f1,TextureImporter,8,1,100,"(0.5, 0.5)","(627, 627)",1,L0 B0 R0 T0,1,1,0,1,1,2048,1,yes,none (no SpriteAtlas assets in project),1,Assets/_JebbyJump/Scenes/Game.unity,yes,PRODUCTION_ACCEPTABLE,launch-usable,ornate gold/blue controls match Art Bible premium bar (RUNTIME-OBSERVED),provenance record MISSING,no source,TECHNICAL_REEXPORT: ~1MB 1122px sources displayed at 100-160px; add max-size overrides/atlas,RUNTIME-OBSERVED review screenshots (HUD),high
EXIST-061,Assets/_JebbyJump/Art/Sprites/UI/ui_icon_memory_base_01.png,ui_icon_memory_base_01.png,.png,ui,mobile control / HUD sprite,1384487,2f77c9915a3aa3256782c6c61d19d3f08bc636e2eb8055a1bdc1cadffea92dbf,1254,1254,RGBA,32,True,binary,PASS,x211 y192 w825 h838,211,218,192,224,4457687368a078144ba5c2f1444aa0e9,TextureImporter,8,1,100,"(0.5, 0.5)","(627, 627)",1,L0 B0 R0 T0,1,1,0,1,1,2048,1,yes,none (no SpriteAtlas assets in project),1,Assets/_JebbyJump/Scenes/Game.unity,yes,PRODUCTION_ACCEPTABLE,launch-usable,ornate gold/blue controls match Art Bible premium bar (RUNTIME-OBSERVED),provenance record MISSING,no source,TECHNICAL_REEXPORT: ~1MB 1122px sources displayed at 100-160px; add max-size overrides/atlas,RUNTIME-OBSERVED review screenshots (HUD),high
EXIST-062,Assets/_JebbyJump/Docs/Art/References/jebby_color_knight_character_sheet_v01.png,jebby_color_knight_character_sheet_v01.png,.png,reference,locked visual reference (source of truth),3025231,b7ba21434c2facbede56adad39b609e847c1cb188fcffe41dc461b946414fb9c,1402,1122,RGBA,32,True,soft,"FAIL(255,255,255,255)",x0 y0 w1402 h1122,0,0,0,0,41397b6a8ede6cc438ed47b5416586fc,TextureImporter,8,2,100,"(0.5, 0.5)","(701, 561)",1,L0 B0 R0 T0,1,1,0,1,1,2048,1,yes,none (no SpriteAtlas assets in project),0,,no,FINAL_PRODUCTION,SOURCE_ONLY (never shipped; unreferenced by scenes),IS the style authority,provenance record MISSING (AI-generated boards),the boards ARE the source,keep locked; record provenance,Art Bible section 2 locked references,high
EXIST-063,Assets/_JebbyJump/Docs/Art/References/jebby_outfit_variations_board_v01.png,jebby_outfit_variations_board_v01.png,.png,reference,locked visual reference (source of truth),3252698,cdd4a8ab36025041e9e6b18f003f603b8590057bbcd3de860b9af0de6af88c3e,1536,1024,RGBA,32,True,soft,"FAIL(255,255,255,255)",x0 y0 w1536 h1024,0,0,0,0,eba9ba4c2cb35e248a6386c876dafcf0,TextureImporter,8,2,100,"(0.5, 0.5)","(768, 512)",1,L0 B0 R0 T0,1,1,0,1,1,2048,1,yes,none (no SpriteAtlas assets in project),0,,no,FINAL_PRODUCTION,SOURCE_ONLY (never shipped; unreferenced by scenes),IS the style authority,provenance record MISSING (AI-generated boards),the boards ARE the source,keep locked; record provenance,Art Bible section 2 locked references,high
